附表,二轮状态,材料ID,来源数据,书家,书体/可能书体,quote,page_no,source_file,原文命中,证据等级,门禁,第二轮动作,进入主表建议,问题/隐患,备注,对应原高置信记录
附表A｜第二轮确定风格主表,主表保留但需复核,SD-0017,08_原高置信证据表,王羲之,草书/泛草,逸少草有女郎才，无丈夫气，不足贵也,161,page_161.txt,exact,中,checkpoint-source; checkpoint-final,保留为第二轮高置信风格证据；继续支持网站回原文。,已入主表,书体标签需复核,《书议》中明确评价王羲之草书,SD-0017
附表A｜第二轮确定风格主表,主表保留,SD-0018,08_原高置信证据表,王献之,行草,及其业成之后，神能独超，天姿特秀，流便简易，志在惊奇，峻险高深，起自此子。,163,page_163.txt,exact,强,checkpoint-source; checkpoint-final,保留为第二轮高置信风格证据；继续支持网站回原文。,已入主表,无,《书议》中描述王献之行草风格,SD-0018
附表A｜第二轮确定风格主表,主表保留,SD-0002,08_原高置信证据表,李斯,小篆,画如铁石，字 若飞动，作楷隶之祖，为不易之法。,171,page_171.txt,exact,强,checkpoint-source; checkpoint-final,保留为第二轮高置信风格证据；继续支持网站回原文。,已入主表,无,原文有 OCR 空格“字 若飞动”；小篆风格/法式描述,SD-0002
附表A｜第二轮确定风格主表,主表保留,SD-NEW-AUX-017,08_原高置信证据表,李斯,小篆,李君创法，神虑精微，铁为肢体，虬作骖騑，江海渺漫，山岳峨巍，长风万里，鸾凤于飞。,172,page_172.txt,exact,中,checkpoint-source; checkpoint-final,保留为第二轮高置信风格证据；继续支持网站回原文。,已入主表,无,紧接“小篆之祖也”语境；“铁为肢体”“虬作骖騑”“江海渺漫”“山岳峨巍”“长风万里”“鸾凤于飞”均为形体、笔势、气象、动态比喻；书家与书体可由上下文确定。,SD-NEW-AUX-017
附表A｜第二轮确定风格主表,主表保留,SD-0001,08_原高置信证据表,史籀,大篆；籀文,折直劲迅，有如镂铁，而端姿旁逸，又婉润焉,187,page_187.txt,exact,强,checkpoint-source; checkpoint-final,保留为第二轮高置信风格证据；继续支持网站回原文。,已入主表,无,镂铁比喻，描述大篆风格,SD-0001
附表A｜第二轮确定风格主表,主表保留,SD-0003,08_原高置信证据表,杜度,章草,韦诞云：杜氏杰有骨力，而字笔画微瘦，崔氏法之，书体甚浓，结字工巧，时有不及，张芝喜而学焉。,188,page_188.txt,exact,强,checkpoint-source; checkpoint-final,保留为第二轮高置信风格证据；继续支持网站回原文。,已入主表,无,韦诞评价；兼及崔瑗师法杜度，保留完整原文,SD-0003
附表A｜第二轮确定风格主表,主表保留,SD-0004,08_原高置信证据表,崔瑗,章草,点画之间，莫不调畅，伯英祖述之，其骨力精熟过之也,188,page_188.txt,exact,强,checkpoint-source; checkpoint-final,保留为第二轮高置信风格证据；继续支持网站回原文。,已入主表,无,草贤,SD-0004
附表A｜第二轮确定风格主表,主表保留,SD-0007,08_原高置信证据表,张芝,今草,若清涧长源，流而无限，萦回崖谷，任于造化,189,page_189.txt,exact,强,checkpoint-source; checkpoint-final,保留为第二轮高置信风格证据；继续支持网站回原文。,已入主表,无,建议与 SD-0008 合并为张芝今草连续风格描述，或在两条记录备注中互指，避免把连续比喻拆成孤立短句。,SD-0007
附表A｜第二轮确定风格主表,主表保留,SD-0008,08_原高置信证据表,张芝,今草,心手随变，窈冥而不知其所如，是谓达节,189,page_189.txt,exact,强,checkpoint-source; checkpoint-final,保留为第二轮高置信风格证据；继续支持网站回原文。,已入主表,无,草书之神妙；同句“拿攫”待PDF核对,SD-0008
附表A｜第二轮确定风格主表,主表保留,SD-0005,08_原高置信证据表,皇象,章草,沉着痛快,190,page_190.txt,exact,强,checkpoint-source; checkpoint-final,保留为第二轮高置信风格证据；继续支持网站回原文。,已入主表,无,建议摘录为“工章草，师于杜度……世谓沉着痛快”或至少在备注中保留“世谓沉着痛快”。,SD-0005
附表A｜第二轮确定风格主表,主表保留,SD-0006,08_原高置信证据表,皇象,八分,妖冶不逮，通议伤于多肉,190,page_190.txt,exact,强,checkpoint-source; checkpoint-final,保留为第二轮高置信风格证据；继续支持网站回原文。,已入主表,无,八分雄才逸力亚于蔡邕,SD-0006
附表A｜第二轮确定风格主表,主表保留,SD-0009,08_原高置信证据表,蔡邕,八分,体法百变，穷灵尽妙，独步今古,190,page_190.txt,exact,强,checkpoint-source; checkpoint-final,保留为第二轮高置信风格证据；继续支持网站回原文。,已入主表,无,隶绝世，尤得八分之精微,SD-0009
附表A｜第二轮确定风格主表,主表保留,SD-0010,08_原高置信证据表,蔡邕,飞白,妙有绝伦，动合神功，真异能之士,190,page_190.txt,exact,强,checkpoint-source; checkpoint-final,保留为第二轮高置信风格证据；继续支持网站回原文。,已入主表,无,创造飞白,SD-0010
附表A｜第二轮确定风格主表,主表保留,SD-0011,08_原高置信证据表,锺繇,真书,真书绝世，刚柔备焉，点画之间，多有异趣，可谓幽深无际，古雅有馀，秦、汉以来，一人而已。,190,page_190.txt,exact,强,checkpoint-source; checkpoint-final,保留为第二轮高置信风格证据；继续支持网站回原文。,已入主表,无,真书风格描述，保留“可谓”及完整评价,SD-0011
附表A｜第二轮确定风格主表,主表保留,SD-0012,08_原高置信证据表,卫瓘,章草,天姿特秀，若鸿雁奋六翮，飘颻乎清风之上，率情运用,191,page_191.txt,exact,强,checkpoint-source; checkpoint-final,保留为第二轮高置信风格证据；继续支持网站回原文。,已入主表,无,得伯英之筋,SD-0012
附表A｜第二轮确定风格主表,主表保留,SD-0013,08_原高置信证据表,索靖,章草,峻险过之，有若山形中裂，水势悬流，雪岭孤松，冰河危石，其坚劲则古今不逮,191,page_191.txt,exact,强,checkpoint-source; checkpoint-final,保留为第二轮高置信风格证据；继续支持网站回原文。,已入主表,无,草绝世,SD-0013
附表A｜第二轮确定风格主表,主表保留但需复核,SD-0014,08_原高置信证据表,王羲之,草书/泛草,剖析张公之草，而浓纤折衷，乃愧其精熟,192,page_192.txt,exact,中,checkpoint-source; checkpoint-final,保留为第二轮高置信风格证据；继续支持网站回原文。,已入主表,书体标签需复核,保留可用，但备注应明确这是王羲之草书相对张芝的比较评价，不宜脱离“张公之草”。,SD-0014
附表A｜第二轮确定风格主表,主表保留,SD-0015,08_原高置信证据表,王羲之,隶书/泛隶,损益锺君之隶，虽运用增华，而古雅不逮,192,page_192.txt,exact,强,checkpoint-source; checkpoint-final,保留为第二轮高置信风格证据；继续支持网站回原文。,已入主表,无,保留可用，但备注应明确这是王羲之隶书相对锺繇的比较评价，不宜脱离“锺君之隶”。,SD-0015
附表A｜第二轮确定风格主表,主表保留,SD-0016,08_原高置信证据表,王羲之,行书/泛行,若养由之术，百发百中，飞名盖世，独映将来,192,page_192.txt,exact,强,checkpoint-source; checkpoint-final,保留为第二轮高置信风格证据；继续支持网站回原文。,已入主表,无,,SD-0016
附表A｜第二轮确定风格主表,主表保留,SD-0019,08_原高置信证据表,王献之,行草,至于行草，兴合如孤峰四绝，迥出天外，其峻峭不可量也。尔其雄武神纵，灵姿秀出，臧武仲之智，卞庄子之勇，或大鹏抟风，长鲸喷浪，悬崖坠石，惊电遗光，察其所由，则意逸乎笔，未見其止，盖欲夺龙蛇之飞动，掩锺、张之神气，惜其阳秋尚富，纵逸不羁，天骨未全，有时而琐。,192,page_192.txt,exact,强,checkpoint-source; checkpoint-final,保留为第二轮高置信风格证据；继续支持网站回原文。,已入主表,无,原文明确为行草；保留“或大鹏抟风”,SD-0019
附表A｜第二轮确定风格主表,主表保留,SD-0020,08_原高置信证据表,刘德升,行书,风流婉约，独步当时,194,page_194.txt,exact,强,checkpoint-source; checkpoint-final,保留为第二轮高置信风格证据；继续支持网站回原文。,已入主表,无,行书之祖,SD-0020
附表A｜第二轮确定风格主表,主表保留,SD-0021,08_原高置信证据表,胡昭,隶书,体肥,194,page_194.txt,exact,强,checkpoint-source; checkpoint-final,保留为第二轮高置信风格证据；继续支持网站回原文。,已入主表,无,建议扩展为“而胡书体肥，锺书体瘦，亦各有君嗣之美也”，否则“体肥”单独成条过弱。,SD-0021
附表A｜第二轮确定风格主表,主表保留,SD-0023,08_原高置信证据表,张昶,章草,尤善章草，家风不坠，奕叶清华，书类伯英，时人谓之“亚圣”。至如筋骨天姿，实所未逮，若华实兼美，可以继之。,195,page_195.txt,exact,强,checkpoint-source; checkpoint-final,保留为第二轮高置信风格证据；继续支持网站回原文。,已入主表,无,章草比较评价；保留完整连续原文,SD-0023
附表A｜第二轮确定风格主表,主表保留,SD-0024,08_原高置信证据表,魏武帝,章草,雄逸绝伦,195,page_195.txt,exact,强,checkpoint-source; checkpoint-final,保留为第二轮高置信风格证据；继续支持网站回原文。,已入主表,无,,SD-0024
附表A｜第二轮确定风格主表,主表保留,SD-0025,08_原高置信证据表,邯郸淳,八分,应规入矩，方圆乃成,195,page_195.txt,exact,强,checkpoint-source; checkpoint-final,保留为第二轮高置信风格证据；继续支持网站回原文。,已入主表,无,,SD-0025
附表A｜第二轮确定风格主表,主表保留,SD-0022,08_原高置信证据表,韦诞,八分,龙拏虎踞，剑拔弩张,196,page_196.txt,exact,强,checkpoint-source; checkpoint-final,保留为第二轮高置信风格证据；继续支持网站回原文。,已入主表,无,,SD-0022
附表A｜第二轮确定风格主表,主表保留,SD-0026,08_原高置信证据表,嵇康,草制,叔夜善书，妙于草制，观其体势，得之自然，意不在乎笔墨，若高逸之士，虽在布衣，有傲然之色,197,page_197.txt,exact,强,checkpoint-source; checkpoint-final,保留为第二轮高置信风格证据；继续支持网站回原文。,已入主表,无,草制风格描述,SD-0026
附表A｜第二轮确定风格主表,主表保留,SD-0027,08_原高置信证据表,锺会,行草,书有父风，稍备筋骨，兼美行草，尤工隶书，遂逸致飘然，有凌云之志，亦所谓剑则干将、莫邪焉。,197,page_197.txt,exact,强,checkpoint-source; checkpoint-final,保留为第二轮高置信风格证据；继续支持网站回原文。,已入主表,无,原文兼及行草与隶书；按行草主项保留混合说明,SD-0027
附表A｜第二轮确定风格主表,主表保留,SD-0028,08_原高置信证据表,张弘,飞白,飘若云游，激如惊电，飞仙舞鹤之态,197,page_197.txt,exact,强,checkpoint-source; checkpoint-final,保留为第二轮高置信风格证据；继续支持网站回原文。,已入主表,无,张乌巾,SD-0028
附表A｜第二轮确定风格主表,主表保留,SD-0029,08_原高置信证据表,王廙,飞白,垂雕鹗之翅羽，类旌旗之卷舒,198,page_198.txt,exact,强,checkpoint-source; checkpoint-final,保留为第二轮高置信风格证据；继续支持网站回原文。,已入主表,无,右军之亚,SD-0029
附表A｜第二轮确定风格主表,主表保留,SD-0030,08_原高置信证据表,郗愔,章草,纤浓得中，意态无穷，筋骨亦胜,198,page_198.txt,exact,强,checkpoint-source; checkpoint-final,保留为第二轮高置信风格证据；继续支持网站回原文。,已入主表,无,章草亚于右军,SD-0030
附表A｜第二轮确定风格主表,主表保留但需复核,SD-0031,08_原高置信证据表,王洽,草书/泛草,落简挥毫，有郢匠乘风之势,198,page_198.txt,exact,中,checkpoint-source; checkpoint-final,保留为第二轮高置信风格证据；继续支持网站回原文。,已入主表,书体标签需复核,,SD-0031
附表A｜第二轮确定风格主表,主表保留,SD-0032,08_原高置信证据表,王珉,行草,金剑霜断，崎欹历落，时谓小王之亚,199,page_199.txt,exact,强,checkpoint-source; checkpoint-final,保留为第二轮高置信风格证据；继续支持网站回原文。,已入主表,无,,SD-0032
附表A｜第二轮确定风格主表,主表保留但需复核,SD-0033,08_原高置信证据表,桓玄,草书/泛草,肉翅已就，兰筋初生，畜怒而驰，日可千里，洸洸趍趍，实亦武哉,199,page_199.txt,exact,中,checkpoint-source; checkpoint-final,保留为第二轮高置信风格证据；继续支持网站回原文。,已入主表,书体标签需复核,慕小王，善于草法,SD-0033
附表A｜第二轮确定风格主表,主表保留,SD-0034,08_原高置信证据表,宋文帝,隶书/泛隶,时论以为天然胜羊欣，工夫恨少,200,page_200.txt,exact,强,checkpoint-source; checkpoint-final,保留为第二轮高置信风格证据；继续支持网站回原文。,已入主表,无,保留但备注说明这是“天然胜羊欣、工夫恨少”的时论评价，不等同具体笔势比喻；不要与 SD-0035 合并误作同一书体。,SD-0034
附表A｜第二轮确定风格主表,主表保留,SD-0035,08_原高置信证据表,宋文帝,隶书/行草综合待裁决,道心唯微，探索幽远，若泠泠水行，有岩石间真声,200,page_200.txt,exact,强,checkpoint-source; checkpoint-final,保留为第二轮高置信风格证据；继续支持网站回原文。,已入主表,无,保留但备注说明该句承接宋文帝同段，书体归属需要与 SD-0034 分开处理，不能只凭比喻句反推出单一书体。,SD-0035
附表A｜第二轮确定风格主表,主表保留,SD-0036,08_原高置信证据表,羊欣,隶书,婉似流风之雪，惊禽走兽，络绎飞驰,200,page_200.txt,exact,强,checkpoint-source; checkpoint-final,保留为第二轮高置信风格证据；继续支持网站回原文。,已入主表,无,子敬之后可以独步,SD-0036
附表A｜第二轮确定风格主表,主表保留但需复核,SD-0037,08_原高置信证据表,薄绍之,行草,若干将出匣，光芒射人；魏武临戎，纵横制敌,200,page_200.txt,exact,中,checkpoint-source; checkpoint-final,保留为第二轮高置信风格证据；继续支持网站回原文。,已入主表,书体标签需复核,扩展摘录为含“善书，宪章小王，风格秀异”和“其行草倜傥，时越羊欣”的完整句群；当前两个比喻可保留但不宜脱离行草上下文。,SD-0037
附表A｜第二轮确定风格主表,主表保留但需复核,SD-0042,08_原高置信证据表,谢灵运,真草,歘风吐云，簸荡川岳,201,page_201.txt,exact,中,checkpoint-source; checkpoint-final,保留为第二轮高置信风格证据；继续支持网站回原文。,已入主表,书体标签需复核,扩展为“石韫千年之色，松低百尺之柯，虽不逮师，歘风吐云，簸荡川岳，其亦庶几。”并备注真草混合语境。,SD-0042
附表A｜第二轮确定风格主表,主表保留但需复核,SD-0043,08_原高置信证据表,孔琳之,草书/泛草,飞泉交注，奔竞不息,202,page_202.txt,exact,弱,checkpoint-source; checkpoint-final,保留为第二轮高置信风格证据；继续支持网站回原文。,已入主表,书体标签需复核,不要以“孔琳之 / page_202 / 飞泉交注”进入 final。若保留该 quote，应归阮研且会与 SD-0045 重复；若保留孔琳之，应从 page_201 重抽“善草、行，师于小王，稍露筋骨，飞流悬势，则吕梁之水焉”或王僧虔“放纵快利，笔迹流便”。,SD-0043
附表A｜第二轮确定风格主表,主表保留,SD-0044,08_原高置信证据表,萧子云,飞白,意趣飘然，点画之际，有若翥举，妍妙至极，难与比肩，但少乏古风,202,page_202.txt,exact,强,checkpoint-source; checkpoint-final,保留为第二轮高置信风格证据；继续支持网站回原文。,已入主表,无,创造小篆飞白,SD-0044
附表A｜第二轮确定风格主表,主表保留,SD-0045,08_原高置信证据表,阮研,行草,其行草出于大王，甚精熟。若飞泉交注，奔竞不息，时称萧、陶等各得右军一体，而此公筋力最优。,202,page_202.txt,exact,强,checkpoint-source; checkpoint-final,保留为第二轮高置信风格证据；继续支持网站回原文。,已入主表,无,本条阮研归属正确。处理 SD-0043 时不要重复保留同一 quote；可将 SD-0043 删除或改为孔琳之重抽。,SD-0045
附表A｜第二轮确定风格主表,主表保留,SD-0046,08_原高置信证据表,阮研,隶书/泛隶,习于锺公，风神稍怯,202,page_202.txt,exact,强,checkpoint-source; checkpoint-final,保留为第二轮高置信风格证据；继续支持网站回原文。,已入主表,无,,SD-0046
附表A｜第二轮确定风格主表,主表保留,SD-0038,08_原高置信证据表,智永,草书/泛草,夷途良辔，大海安波。微尚有道之风，半得右军之肉。,203,page_203.txt,exact,强,checkpoint-source; checkpoint-final,保留为第二轮高置信风格证据；继续支持网站回原文。,已入主表,无,保留可用，但建议在备注说明智永兼能诸体、于草最优；当前摘录本身不含“草书”字样。,SD-0038
附表A｜第二轮确定风格主表,主表保留但需复核,SD-0039,08_原高置信证据表,欧阳询,真行,森森焉若武库矛戟，风神严于智永,203,page_203.txt,exact,中,checkpoint-source; checkpoint-final,保留为第二轮高置信风格证据；继续支持网站回原文。,已入主表,书体标签需复核,,SD-0039
附表A｜第二轮确定风格主表,主表保留但需复核,SD-0040,08_原高置信证据表,欧阳询,草书,迭宕流通,203,page_203.txt,exact,中,checkpoint-source; checkpoint-final,保留为第二轮高置信风格证据；继续支持网站回原文。,已入主表,书体标签需复核,扩展为“其草书迭宕流通，示之二王可为动色；然惊奇跳骏，不避危险，伤于清雅之致。”当前只摘“迭宕流通”会丢失限制。,SD-0040
附表A｜第二轮确定风格主表,主表保留,SD-0041,08_原高置信证据表,虞世南,行书/泛行,秀岭危峰，处处间起,204,page_204.txt,exact,强,checkpoint-source; checkpoint-final,保留为第二轮高置信风格证据；继续支持网站回原文。,已入主表,无,得大令之宏规,SD-0041
附表A｜第二轮确定风格主表,主表保留,SD-0047,08_原高置信证据表,褚遂良,真书,若瑶台青璅，窅映春林，美人婵娟，似不任乎罗绮,204,page_204.txt,exact,强,checkpoint-source; checkpoint-final,保留为第二轮高置信风格证据；继续支持网站回原文。,已入主表,无,增华绰约,SD-0047
附表A｜第二轮确定风格主表,主表保留,SD-0048,08_原高置信证据表,徐幹,章草,得伯张书藁，势殊工,206,page_206.txt,exact,强,checkpoint-source; checkpoint-final,保留为第二轮高置信风格证据；继续支持网站回原文。,已入主表,无,班固称之,SD-0048
附表A｜第二轮确定风格主表,主表保留,SD-0049,08_原高置信证据表,张超,章草,字势甚峻,206,page_206.txt,exact,强,checkpoint-source; checkpoint-final,保留为第二轮高置信风格证据；继续支持网站回原文。,已入主表,无,,SD-0049
附表A｜第二轮确定风格主表,主表保留,SD-0050,08_原高置信证据表,崔寔,章草,章草雅有父風,207,page_207.txt,exact,强,checkpoint-source; checkpoint-final,保留为第二轮高置信风格证据；继续支持网站回原文。,已入主表,无,保留原文繁体,SD-0050
附表A｜第二轮确定风格主表,主表保留,SD-0051,08_原高置信证据表,卫觊,草体,草体伤瘦，笔迹精绝,208,page_208.txt,exact,强,checkpoint-source; checkpoint-final,保留为第二轮高置信风格证据；继续支持网站回原文。,已入主表,无,原文“尤工古文、篆、隶，草体伤瘦，笔迹精绝”；风格描述对应草体，不是古文,SD-0051
附表A｜第二轮确定风格主表,主表保留但需复核,SD-0052,08_原高置信证据表,杨肇,草隶,翰动若飞，纸落如云,208,page_208.txt,exact,中,checkpoint-source; checkpoint-final,保留为第二轮高置信风格证据；继续支持网站回原文。,已入主表,书体标签需复核,,SD-0052
附表B｜优先补入候选,候选待人工复核,BM-0052,07_优先补入候选,品级,,又云「张伯英如汉武学道，凭虚欲仙」，终不成矣。商榷如此，不亦谬乎？,154,page_154.txt,exact,中,checkpoint-source; checkpoint-final,优先复核书家、书体、摘录是否精确；通过后再补入主表。,复核后可补入,来自宽口径召回，不能直接定稿,来自参考PDF结构化抽取；需用 page 文本/PDF 复核后定稿。,
附表B｜优先补入候选,候选待人工复核,BM-0051,07_优先补入候选,水平评价,草,草书伯英创立规范，得物象之形，均造化之理。然其法太古质，不剖断，以此为少也。有椎轮草意之妙，后学得渔猎其中，宜为第一。,159,page_159.txt,exact,中,checkpoint-source; checkpoint-final,优先复核书家、书体、摘录是否精确；通过后再补入主表。,复核后可补入,来自宽口径召回，不能直接定稿,来自参考PDF结构化抽取；需用 page 文本/PDF 复核后定稿。,
附表B｜优先补入候选,候选待人工复核,BM-0142,07_优先补入候选,水平评价,行,子敬才高识远，行草之外，更开一门。夫行书，非草非真，离方遁圆，在乎季孟之间。兼真者，谓之真行；带草者，谓之行草。子敬之法，非草非行，流便于草，开张于行，草又处其中间。,160,page_160.txt,compact,中,checkpoint-source; checkpoint-final,优先复核书家、书体、摘录是否精确；通过后再补入主表。,复核后可补入,来自宽口径召回，不能直接定稿,来自参考PDF结构化抽取；需用 page 文本/PDF 复核后定稿。,
附表B｜优先补入候选,候选待人工复核,BM-0154,07_优先补入候选,风神,草,子敬年十五六时，尝白其父云：「古之章草，未能宏逸。今穷伪略之理，极草纵之致，不若藁行之闲，于往法固殊，大人宜改体；且法既不定，事贵变通，然古法亦局而执。」,160,page_160.txt,exact,中,checkpoint-source; checkpoint-final,优先复核书家、书体、摘录是否精确；通过后再补入主表。,复核后可补入,来自宽口径召回，不能直接定稿,来自参考PDF结构化抽取；需用 page 文本/PDF 复核后定稿。,
附表B｜优先补入候选,候选待人工复核,BM-0278,07_优先补入候选,嵇康,草,嵇叔夜身长七尺六寸，美音声，伟容色，虽土木形体，而龙章凤姿，天质自然，加以孝友温恭，吾慕其为人，尝有其草写《绝交书》一纸，非常宝惜。,161,page_161.txt,exact,中,checkpoint-source; checkpoint-final,优先复核书家、书体、摘录是否精确；通过后再补入主表。,复核后可补入,来自宽口径召回，不能直接定稿,来自参考PDF结构化抽取；需用 page 文本/PDF 复核后定稿。,
附表B｜优先补入候选,候选待人工复核,BM-0040,07_优先补入候选,水平评价,草,其杜度、崔瑗，可与伯英价等。然志乃尤古，力亦微大，惟妍媚不逮于张芝。,163,page_163.txt,exact,中,checkpoint-source; checkpoint-final,优先复核书家、书体、摘录是否精确；通过后再补入主表。,复核后可补入,来自宽口径召回，不能直接定稿,来自参考PDF结构化抽取；需用 page 文本/PDF 复核后定稿。,
附表B｜优先补入候选,候选待人工复核,BM-0072,07_优先补入候选,品级,草,卫瓘可与张为弟，索靖则雄逸过之。,163,page_163.txt,exact,中,checkpoint-source; checkpoint-final,优先复核书家、书体、摘录是否精确；通过后再补入主表。,复核后可补入,来自宽口径召回，不能直接定稿,来自参考PDF结构化抽取；需用 page 文本/PDF 复核后定稿。,
附表B｜优先补入候选,候选待人工复核,BM-0124,07_优先补入候选,水平评价,行,可谓子为神骏，父得灵和。父子真行，固为百代之楷法。,163,page_163.txt,exact,中,checkpoint-source; checkpoint-final,优先复核书家、书体、摘录是否精确；通过后再补入主表。,复核后可补入,来自宽口径召回，不能直接定稿,来自参考PDF结构化抽取；需用 page 文本/PDF 复核后定稿。,
附表B｜优先补入候选,候选待人工复核,BM-0006,07_优先补入候选,苍颉,篆,颉首四目，通于神明，仰观奎星圆曲之势，俯察龟文鸟迹之象，博采众美，合而为字，是曰古文。,169,page_169.txt,exact,中,checkpoint-source; checkpoint-final,优先复核书家、书体、摘录是否精确；通过后再补入主表。,复核后可补入,来自宽口径召回，不能直接定稿,来自参考PDF结构化抽取；需用 page 文本/PDF 复核后定稿。,
附表B｜优先补入候选,候选待人工复核,BM-0007,07_优先补入候选,苍颉,篆,观其措笔缀墨，用心精专。守正循检，矩折规旋，其曲如弓，其直如弦。矫然特出，若龙腾于川；森尔下陬，若雨坠于天。,170,page_170.txt,compact,中,checkpoint-source; checkpoint-final,优先复核书家、书体、摘录是否精确；通过后再补入主表。,复核后可补入,来自宽口径召回，不能直接定稿,来自参考PDF结构化抽取；需用 page 文本/PDF 复核后定稿。,
附表B｜优先补入候选,候选待人工复核,BM-0008,07_优先补入候选,史籀,篆,赞曰：古文元胤，太史神书，千类万象，或龙或鱼，何词不录，何物不储，怿思通理，从心所如，如彼江海，大波洪涛，如彼音乐，干戚羽旄。,171,page_171.txt,exact,中,checkpoint-source; checkpoint-final,优先复核书家、书体、摘录是否精确；通过后再补入主表。,复核后可补入,来自宽口径召回，不能直接定稿,来自参考PDF结构化抽取；需用 page 文本/PDF 复核后定稿。,
附表B｜优先补入候选,候选待人工复核,BM-0019,07_优先补入候选,王次仲,隶,王愔云：「次仲始以古书方广，少波势。」建初中，以隶草作楷法，字方八分，言有模楷。,172,page_172.txt,exact,中,checkpoint-source; checkpoint-final,优先复核书家、书体、摘录是否精确；通过后再补入主表。,复核后可补入,来自宽口径召回，不能直接定稿,来自参考PDF结构化抽取；需用 page 文本/PDF 复核后定稿。,
附表B｜优先补入候选,候选待人工复核,BM-0020,07_优先补入候选,水平评价,,赞曰：仙客遗范，灵姿秀出，奋研扬波，金相玉质。龙腾虎踈兮，势非一；交戟横戈兮，气雄逸；楷之为妙兮，备华实。,173,page_173.txt,exact,中,checkpoint-source; checkpoint-final,优先复核书家、书体、摘录是否精确；通过后再补入主表。,复核后可补入,来自宽口径召回，不能直接定稿,来自参考PDF结构化抽取；需用 page 文本/PDF 复核后定稿。,
附表B｜优先补入候选,候选待人工复核,BM-0026,07_优先补入候选,程邈,隶,程邈即隶书之祖也。赞曰：隶合文质，程君是先，乃备风雅，如聆管弦，长毫秋劲，素体霜妍，推峰剑折，落点星悬，乍发红焰，旋凝紫烟，金芝琼草，万世芳传。,174,page_174.txt,exact,中,checkpoint-source; checkpoint-final,优先复核书家、书体、摘录是否精确；通过后再补入主表。,复核后可补入,来自宽口径召回，不能直接定稿,来自参考PDF结构化抽取；需用 page 文本/PDF 复核后定稿。,
附表B｜优先补入候选,候选待人工复核,BM-0030,07_优先补入候选,品级,,赞曰：史游制草，始务急就，婉若回鸾，攫如搏兽，迟回缣简，势欲飞透，敷华垂实，尺牍尤奇，并功惜日，学者为宜。,175,page_175.txt,exact,中,checkpoint-source; checkpoint-final,优先复核书家、书体、摘录是否精确；通过后再补入主表。,复核后可补入,来自宽口径召回，不能直接定稿,来自参考PDF结构化抽取；需用 page 文本/PDF 复核后定稿。,
附表B｜优先补入候选,候选待人工复核,BM-0032,07_优先补入候选,刘穆,草,惟刘氏之法，书体甚浓，结字工巧，时有不及。,175,page_175.txt,exact,中,checkpoint-source; checkpoint-final,优先复核书家、书体、摘录是否精确；通过后再补入主表。,复核后可补入,来自宽口径召回，不能直接定稿,来自参考PDF结构化抽取；需用 page 文本/PDF 复核后定稿。,
附表B｜优先补入候选,候选待人工复核,BM-0054,07_优先补入候选,水平评价,,怀瓘案：草之书，字字区别，张芝变为今草，如流水速，拔茅连茹，上下牵连，或借上字之下而为下字之上，奇形离合，数意兼包，若悬猿饮涧之象，钩锁连环之状，神化自若，变态不穷。,175,page_175.txt,exact,中,checkpoint-source; checkpoint-final,优先复核书家、书体、摘录是否精确；通过后再补入主表。,复核后可补入,来自宽口径召回，不能直接定稿,来自参考PDF结构化抽取；需用 page 文本/PDF 复核后定稿。,
附表B｜优先补入候选,候选待人工复核,BM-0147,07_优先补入候选,比喻,,若逸气纵横，则羲谢于献；若簪裾礼乐，则献不继羲。虽诸家之法悉殊，而子敬最为遒拔。,176,page_176.txt,compact,中,checkpoint-source; checkpoint-final,优先复核书家、书体、摘录是否精确；通过后再补入主表。,复核后可补入,来自宽口径召回，不能直接定稿,来自参考PDF结构化抽取；需用 page 文本/PDF 复核后定稿。,
附表B｜优先补入候选,候选待人工复核,BM-0166,07_优先补入候选,王珉,行,《王珉行书状》云：邈乎嵩、岱之峻极，烂若列宿之丽天。伟字挺特，奇书秀出，扬波骋艺，余妍宏逸，虎踺凤跱，龙伸螭屈。,176,page_176.txt,compact,中,checkpoint-source; checkpoint-final,优先复核书家、书体、摘录是否精确；通过后再补入主表。,复核后可补入,来自宽口径召回，不能直接定稿,来自参考PDF结构化抽取；需用 page 文本/PDF 复核后定稿。,
附表B｜优先补入候选,候选待人工复核,BM-0167,07_优先补入候选,王珉,行,详览字体，究寻笔迹，粲乎伟乎，如珪如璧。宛若盘螭之仰势，翼若翔鸾之舒翮。或乃放乎飞笔，雨下风驰，绮靡婉丽，纵横流离。,176,page_176.txt,compact,中,checkpoint-source; checkpoint-final,优先复核书家、书体、摘录是否精确；通过后再补入主表。,复核后可补入,来自宽口径召回，不能直接定稿,来自参考PDF结构化抽取；需用 page 文本/PDF 复核后定稿。,
附表B｜优先补入候选,候选待人工复核,BM-0055,07_优先补入候选,水平评价,,张芝草书得易简流速之极，蔡邕飞白得华艳飘荡之极，字之逸越，不复过此二途。,177,page_177.txt,exact,中,checkpoint-source; checkpoint-final,优先复核书家、书体、摘录是否精确；通过后再补入主表。,复核后可补入,来自宽口径召回，不能直接定稿,来自参考PDF结构化抽取；需用 page 文本/PDF 复核后定稿。,
附表B｜优先补入候选,候选待人工复核,BM-0057,07_优先补入候选,水平评价,,然伯英学崔、杜之法，温故知新，因而变之以成今草，转精其妙。字之体势，一笔而成，偶有不连，而血脉不断，及其连者，气候通其隔行。,178,page_178.txt,exact,中,checkpoint-source; checkpoint-final,优先复核书家、书体、摘录是否精确；通过后再补入主表。,复核后可补入,来自宽口径召回，不能直接定稿,来自参考PDF结构化抽取；需用 page 文本/PDF 复核后定稿。,
附表B｜优先补入候选,候选待人工复核,BM-0058,07_优先补入候选,水平评价,,故行首之字，往往继前行之末，世称一笔书者，起自张伯英，即此也。,178,page_178.txt,exact,中,checkpoint-source; checkpoint-final,优先复核书家、书体、摘录是否精确；通过后再补入主表。,复核后可补入,来自宽口径召回，不能直接定稿,来自参考PDF结构化抽取；需用 page 文本/PDF 复核后定稿。,
附表B｜优先补入候选,候选待人工复核,BM-0132,07_优先补入候选,水平评价,,迨乎东晋，王逸少与从弟洽，变章草为今草，韵媚婉转，大行于世，章草几将绝矣。,178,page_178.txt,exact,中,checkpoint-source; checkpoint-final,优先复核书家、书体、摘录是否精确；通过后再补入主表。,复核后可补入,来自宽口径召回，不能直接定稿,来自参考PDF结构化抽取；需用 page 文本/PDF 复核后定稿。,
附表B｜优先补入候选,候选待人工复核,BM-0159,07_优先补入候选,王洽,草,迨乎东晋，王逸少与从弟洽，变章草为今草，韵媚婉转，大行于世，章草几将绝矣。,178,page_178.txt,exact,中,checkpoint-source; checkpoint-final,优先复核书家、书体、摘录是否精确；通过后再补入主表。,复核后可补入,来自宽口径召回，不能直接定稿,来自参考PDF结构化抽取；需用 page 文本/PDF 复核后定稿。,
附表B｜优先补入候选,候选待人工复核,BM-0037,07_优先补入候选,品级,,伯英损益伯度章草，亦犹逸少增减元常真书，虽润色精于断割，意则美矣；至若高深之意，质素之风，俱不及其师也，然各为今古之独步。,188,page_188.txt,exact,中,checkpoint-source; checkpoint-final,优先复核书家、书体、摘录是否精确；通过后再补入主表。,复核后可补入,来自宽口径召回，不能直接定稿,来自参考PDF结构化抽取；需用 page 文本/PDF 复核后定稿。,
附表B｜优先补入候选,候选待人工复核,BM-0043,07_优先补入候选,水平评价,,袁昂云：“如危峰阻日，孤松一枝。”王隐谓之草贤。,188,page_188.txt,exact,中,checkpoint-source; checkpoint-final,优先复核书家、书体、摘录是否精确；通过后再补入主表。,复核后可补入,来自宽口径召回，不能直接定稿,来自参考PDF结构化抽取；需用 page 文本/PDF 复核后定稿。,
附表B｜优先补入候选,候选待人工复核,BM-0061,07_优先补入候选,水平评价,,好书，凡家之衣帛皆书而后练，尤善章草书，出诸杜度、崔瑗云。龙骧豹变，青出于蓝。又创为今草，天纵颖异，率意超旷，无惜是非。,189,page_189.txt,exact,中,checkpoint-source; checkpoint-final,优先复核书家、书体、摘录是否精确；通过后再补入主表。,复核后可补入,来自宽口径召回，不能直接定稿,来自参考PDF结构化抽取；需用 page 文本/PDF 复核后定稿。,
附表B｜优先补入候选,候选待人工复核,BM-0063,07_优先补入候选,水平评价,,精熟神妙，冠绝古今，则百世不易之法式，不可以智识，不可以勤求，若达士游乎沉默之乡，鸾凤翔乎太荒之野，韦仲将谓之「草圣」，岂徒言哉。,189,page_189.txt,exact,中,checkpoint-source; checkpoint-final,优先复核书家、书体、摘录是否精确；通过后再补入主表。,复核后可补入,来自宽口径召回，不能直接定稿,来自参考PDF结构化抽取；需用 page 文本/PDF 复核后定稿。,
附表B｜优先补入候选,候选待人工复核,BM-0064,07_优先补入候选,水平评价,,韦诞云：崔氏之肉，张氏之骨。,189,page_189.txt,exact,中,checkpoint-source; checkpoint-final,优先复核书家、书体、摘录是否精确；通过后再补入主表。,复核后可补入,来自宽口径召回，不能直接定稿,来自参考PDF结构化抽取；需用 page 文本/PDF 复核后定稿。,
附表B｜优先补入候选,候选待人工复核,BM-0092,07_优先补入候选,比较,,先是有张子并，于时有陈良甫，并称能书，然陈恨瘦，张恨峻，休明斟酌其间，甚得其妙，与严武等称八绝，世谓沉着痛快、抱朴云：书圣者皇象。,190,page_190.txt,exact,中,checkpoint-source; checkpoint-final,优先复核书家、书体、摘录是否精确；通过后再补入主表。,复核后可补入,来自宽口径召回，不能直接定稿,来自参考PDF结构化抽取；需用 page 文本/PDF 复核后定稿。,
附表B｜优先补入候选,候选待人工复核,BM-0093,07_优先补入候选,比较,,怀瓘以为右军隶书以一形而众相，万字皆别；休明章草虽相众而形一，万字皆同，各造其极。则实而不朴，文而不华，其写《春秋》最为绝妙。,190,page_190.txt,exact,中,checkpoint-source; checkpoint-final,优先复核书家、书体、摘录是否精确；通过后再补入主表。,复核后可补入,来自宽口径召回，不能直接定稿,来自参考PDF结构化抽取；需用 page 文本/PDF 复核后定稿。,
附表B｜优先补入候选,候选待人工复核,BM-0114,07_优先补入候选,比较,,右军隶书以一形而众相，万字皆别；休明章草虽相众而形一，万字皆同，各造其极。,190,page_190.txt,exact,中,checkpoint-source; checkpoint-final,优先复核书家、书体、摘录是否精确；通过后再补入主表。,复核后可补入,来自宽口径召回，不能直接定稿,来自参考PDF结构化抽取；需用 page 文本/PDF 复核后定稿。,
附表B｜优先补入候选,候选待人工复核,BM-0074,07_优先补入候选,品级,草,或云楷法则过于瓘，然穷兵极势，扬威耀武，观其雄勇欲陵于张，何但于卫。,191,page_191.txt,exact,中,checkpoint-source; checkpoint-final,优先复核书家、书体、摘录是否精确；通过后再补入主表。,复核后可补入,来自宽口径召回，不能直接定稿,来自参考PDF结构化抽取；需用 page 文本/PDF 复核后定稿。,
附表B｜优先补入候选,候选待人工复核,BM-0085,07_优先补入候选,姿态,,常云我得伯英之筋，恒得其骨，靖得其肉。,191,page_191.txt,exact,中,checkpoint-source; checkpoint-final,优先复核书家、书体、摘录是否精确；通过后再补入主表。,复核后可补入,来自宽口径召回，不能直接定稿,来自参考PDF结构化抽取；需用 page 文本/PDF 复核后定稿。,
附表B｜优先补入候选,候选待人工复核,BM-0140,07_优先补入候选,水平评价,楷,子敬五六岁时学书，右军潜于后掣其笔不脱，乃叹曰：「此儿当有大名。」遂书《乐毅论》与之，学竟，能极小真书，可谓穷微入圣，筋骨紧密，不减于父。,193,page_193.txt,exact,中,checkpoint-source; checkpoint-final,优先复核书家、书体、摘录是否精确；通过后再补入主表。,复核后可补入,来自宽口径召回，不能直接定稿,来自参考PDF结构化抽取；需用 page 文本/PDF 复核后定稿。,
附表B｜优先补入候选,候选待人工复核,BM-0141,07_优先补入候选,水平评价,楷,如大字则尤直而少态，岂可同年。唯行草之间，逸气过也。及论诸体，多劣于右军。总而言之，季孟差耳。,193,page_193.txt,exact,中,checkpoint-source; checkpoint-final,优先复核书家、书体、摘录是否精确；通过后再补入主表。,复核后可补入,来自宽口径召回，不能直接定稿,来自参考PDF结构化抽取；需用 page 文本/PDF 复核后定稿。,
附表B｜优先补入候选,候选待人工复核,BM-0248,07_优先补入候选,曹操（魏武帝）,草,魏武帝，姓曹氏，讳操，字孟德，沛国谯人。尤工章草，雄逸绝伦，年六十六薨。,195,page_195.txt,exact,中,checkpoint-source; checkpoint-final,优先复核书家、书体、摘录是否精确；通过后再补入主表。,复核后可补入,来自宽口径召回，不能直接定稿,来自参考PDF结构化抽取；需用 page 文本/PDF 复核后定稿。,
附表B｜优先补入候选,候选待人工复核,BM-0267,07_优先补入候选,姿态,,羊欣云：胡昭得其骨，索靖得其肉，韦诞得其筋。,196,page_196.txt,exact,中,checkpoint-source; checkpoint-final,优先复核书家、书体、摘录是否精确；通过后再补入主表。,复核后可补入,来自宽口径召回，不能直接定稿,来自参考PDF结构化抽取；需用 page 文本/PDF 复核后定稿。,
附表B｜优先补入候选,候选待人工复核,BM-0272,07_优先补入候选,比较,,若用张芝笔、左伯纸及臣墨，兼此三具，又得臣手，然后可以逞劲丈之势，方寸千言。,196,page_196.txt,exact,中,checkpoint-source; checkpoint-final,优先复核书家、书体、摘录是否精确；通过后再补入主表。,复核后可补入,来自宽口径召回，不能直接定稿,来自参考PDF结构化抽取；需用 page 文本/PDF 复核后定稿。,
附表B｜优先补入候选,候选待人工复核,BM-0274,07_优先补入候选,气势,草,羊欣云：胡昭得其骨，索靖得其肉，韦诞得其筋。,196,page_196.txt,exact,中,checkpoint-source; checkpoint-final,优先复核书家、书体、摘录是否精确；通过后再补入主表。,复核后可补入,来自宽口径召回，不能直接定稿,来自参考PDF结构化抽取；需用 page 文本/PDF 复核后定稿。,
附表B｜优先补入候选,候选待人工复核,BM-0280,07_优先补入候选,嵇康,草,故知临不测之水，使人神清；登万仞之岩，自然意远。,197,page_197.txt,exact,中,checkpoint-source; checkpoint-final,优先复核书家、书体、摘录是否精确；通过后再补入主表。,复核后可补入,来自宽口径召回，不能直接定稿,来自参考PDF结构化抽取；需用 page 文本/PDF 复核后定稿。,
附表B｜优先补入候选,候选待人工复核,BM-0286,07_优先补入候选,郗愔,草,郗愔字方回，高平金乡人。父鉴太尉。草书卓绝，古而且劲。,198,page_198.txt,exact,中,checkpoint-source; checkpoint-final,优先复核书家、书体、摘录是否精确；通过后再补入主表。,复核后可补入,来自宽口径召回，不能直接定稿,来自参考PDF结构化抽取；需用 page 文本/PDF 复核后定稿。,
附表B｜优先补入候选,候选待人工复核,BM-0169,07_优先补入候选,王珉,行,子敬戏云：弟书如骑骡，駸駸欲度骅骝前。斯可谓弓善矢良，兵利马疾，突围破的，难与争锋。,199,page_199.txt,exact,中,checkpoint-source; checkpoint-final,优先复核书家、书体、摘录是否精确；通过后再补入主表。,复核后可补入,来自宽口径召回，不能直接定稿,来自参考PDF结构化抽取；需用 page 文本/PDF 复核后定稿。,
附表B｜优先补入候选,候选待人工复核,BM-0296,07_优先补入候选,桓玄,草,非王之武臣，即世之刺客。列缺吐火，共工触山，尤刚健倜傥。,199,page_199.txt,exact,中,checkpoint-source; checkpoint-final,优先复核书家、书体、摘录是否精确；通过后再补入主表。,复核后可补入,来自宽口径召回，不能直接定稿,来自参考PDF结构化抽取；需用 page 文本/PDF 复核后定稿。,
附表B｜优先补入候选,候选待人工复核,BM-0183,07_优先补入候选,水平评价,,今大令书中风神怯者，往往是羊也。,200,page_200.txt,exact,中,checkpoint-source; checkpoint-final,优先复核书家、书体、摘录是否精确；通过后再补入主表。,复核后可补入,来自宽口径召回，不能直接定稿,来自参考PDF结构化抽取；需用 page 文本/PDF 复核后定稿。,
附表B｜优先补入候选,候选待人工复核,BM-0190,07_优先补入候选,薄绍之,行,其行草倜傥，时越羊欣。若用才取之，则真正悬隔。,200,page_200.txt,exact,中,checkpoint-source; checkpoint-final,优先复核书家、书体、摘录是否精确；通过后再补入主表。,复核后可补入,来自宽口径召回，不能直接定稿,来自参考PDF结构化抽取；需用 page 文本/PDF 复核后定稿。,
附表B｜优先补入候选,候选待人工复核,BM-0192,07_优先补入候选,比较,草,其行草倜傥，时越羊欣。若用才取之，则真正悬隔。,200,page_200.txt,exact,中,checkpoint-source; checkpoint-final,优先复核书家、书体、摘录是否精确；通过后再补入主表。,复核后可补入,来自宽口径召回，不能直接定稿,来自参考PDF结构化抽取；需用 page 文本/PDF 复核后定稿。,
附表B｜优先补入候选,候选待人工复核,BM-0303,07_优先补入候选,孔琳之,行,善草、行，师于小王，稍露筋骨，飞流悬势，则吕梁之水焉。,201,page_201.txt,exact,中,checkpoint-source; checkpoint-final,优先复核书家、书体、摘录是否精确；通过后再补入主表。,复核后可补入,来自宽口径召回，不能直接定稿,来自参考PDF结构化抽取；需用 page 文本/PDF 复核后定稿。,
附表B｜优先补入候选,候选待人工复核,BM-0304,07_优先补入候选,孔琳之,行,王僧虔云：「孔琳之放纵快利，笔迹流便，二王已后，略无其比。但工夫少，太自任，故当劣于羊欣。」,201,page_201.txt,exact,中,checkpoint-source; checkpoint-final,优先复核书家、书体、摘录是否精确；通过后再补入主表。,复核后可补入,来自宽口径召回，不能直接定稿,来自参考PDF结构化抽取；需用 page 文本/PDF 复核后定稿。,
附表B｜优先补入候选,候选待人工复核,BM-0306,07_优先补入候选,孔琳之,草,善草、行，师于小王，稍露筋骨，飞流悬势，则吕梁之水焉。,201,page_201.txt,exact,中,checkpoint-source; checkpoint-final,优先复核书家、书体、摘录是否精确；通过后再补入主表。,复核后可补入,来自宽口径召回，不能直接定稿,来自参考PDF结构化抽取；需用 page 文本/PDF 复核后定稿。,
附表B｜优先补入候选,候选待人工复核,BM-0308,07_优先补入候选,水平评价,,王僧虔云：「孔琳之放纵快利，笔迹流便，二王已后，略无其比。但工夫少，太自任，故当劣于羊欣。」,201,page_201.txt,exact,中,checkpoint-source; checkpoint-final,优先复核书家、书体、摘录是否精确；通过后再补入主表。,复核后可补入,来自宽口径召回，不能直接定稿,来自参考PDF结构化抽取；需用 page 文本/PDF 复核后定稿。,
附表B｜优先补入候选,候选待人工复核,BM-0235,07_优先补入候选,萧子云,楷,其真书少师子敬，晚学元常，及其暮年，筋骨亦备，名盖当世，举朝效之。其肥钝无力者，悉非也。,202,page_202.txt,exact,中,checkpoint-source; checkpoint-final,优先复核书家、书体、摘录是否精确；通过后再补入主表。,复核后可补入,来自宽口径召回，不能直接定稿,来自参考PDF结构化抽取；需用 page 文本/PDF 复核后定稿。,
附表B｜优先补入候选,候选待人工复核,BM-0310,07_优先补入候选,张融,草,书兼诸体，于草尤工，而时有稽古之风，宽博有馀，严峻不足，可谓有文德而无武功，然齐、梁之际，殆无以过。,202,page_202.txt,exact,中,checkpoint-source; checkpoint-final,优先复核书家、书体、摘录是否精确；通过后再补入主表。,复核后可补入,来自宽口径召回，不能直接定稿,来自参考PDF结构化抽取；需用 page 文本/PDF 复核后定稿。,
附表B｜优先补入候选,候选待人工复核,BM-0207,07_优先补入候选,欧阳询,篆,八体尽能，笔力劲险，篆体尤精。,203,page_203.txt,exact,中,checkpoint-source; checkpoint-final,优先复核书家、书体、摘录是否精确；通过后再补入主表。,复核后可补入,来自宽口径召回，不能直接定稿,来自参考PDF结构化抽取；需用 page 文本/PDF 复核后定稿。,
附表B｜优先补入候选,候选待人工复核,BM-0213,07_优先补入候选,水平评价,草,其草书迭宕流通，示之二王可为动色；然惊奇跳骏，不避危险，伤于清雅之致。,203,page_203.txt,exact,中,checkpoint-source; checkpoint-final,优先复核书家、书体、摘录是否精确；通过后再补入主表。,复核后可补入,来自宽口径召回，不能直接定稿,来自参考PDF结构化抽取；需用 page 文本/PDF 复核后定稿。,
附表B｜优先补入候选,候选待人工复核,BM-0214,07_优先补入候选,水平评价,草,自羊、薄以后，略无勍敌，唯永公特以训兵精炼，议欲旗鼓相当，欧以猛锐长驱，永乃闭壁固守。,203,page_203.txt,exact,中,checkpoint-source; checkpoint-final,优先复核书家、书体、摘录是否精确；通过后再补入主表。,复核后可补入,来自宽口径召回，不能直接定稿,来自参考PDF结构化抽取；需用 page 文本/PDF 复核后定稿。,
附表B｜优先补入候选,候选待人工复核,BM-0222,07_优先补入候选,智永,楷,师远祖逸少，历记专精，摄齐升堂，真、草唯命，夷途良辔，大海安波。,203,page_203.txt,exact,中,checkpoint-source; checkpoint-final,优先复核书家、书体、摘录是否精确；通过后再补入主表。,复核后可补入,来自宽口径召回，不能直接定稿,来自参考PDF结构化抽取；需用 page 文本/PDF 复核后定稿。,
附表B｜优先补入候选,候选待人工复核,BM-0223,07_优先补入候选,智永,草,师远祖逸少，历记专精，摄齐升堂，真、草唯命，夷途良辔，大海安波。,203,page_203.txt,exact,中,checkpoint-source; checkpoint-final,优先复核书家、书体、摘录是否精确；通过后再补入主表。,复核后可补入,来自宽口径召回，不能直接定稿,来自参考PDF结构化抽取；需用 page 文本/PDF 复核后定稿。,
附表B｜优先补入候选,候选待人工复核,BM-0228,07_优先补入候选,陆柬之,行,尤善运笔，或至兴会，则穷理极趣矣。调虽古涩，亦犹文王嗜菖蒲菹，孔子蹙额而尝之，三年乃得其味，一览未穷，沉研始精。,205,page_205.txt,exact,中,checkpoint-source; checkpoint-final,优先复核书家、书体、摘录是否精确；通过后再补入主表。,复核后可补入,来自宽口径召回，不能直接定稿,来自参考PDF结构化抽取；需用 page 文本/PDF 复核后定稿。,
附表B｜优先补入候选,候选待人工复核,BM-0316,07_优先补入候选,张敞,篆,三王以来，古文之学盖绝，子高精勤而习之，其后杜林、卫密为之嗣。子高好古博雅，有缉熙之美焉。,205,page_205.txt,exact,中,checkpoint-source; checkpoint-final,优先复核书家、书体、摘录是否精确；通过后再补入主表。,复核后可补入,来自宽口径召回，不能直接定稿,来自参考PDF结构化抽取；需用 page 文本/PDF 复核后定稿。,
附表B｜优先补入候选,候选待人工复核,BM-0325,07_优先补入候选,张超,草,张超字子并，河间郑人。官至别部司马。工章草，擅名一时，字势甚峻，亦犹楚共王用刑失节，不合其宜。吴人以皇象方之。,206,page_206.txt,exact,中,checkpoint-source; checkpoint-final,优先复核书家、书体、摘录是否精确；通过后再补入主表。,复核后可补入,来自宽口径召回，不能直接定稿,来自参考PDF结构化抽取；需用 page 文本/PDF 复核后定稿。,
附表B｜优先补入候选,候选待人工复核,BM-0323,07_优先补入候选,张纮,篆,孔融與子綱書曰：「前勞筆跡，乃多為篆，舉篇見字，欣然獨笑，如復觀其人。」融之言，不易而得。紘之小篆，時頗有聲。,207,page_207.txt,compact,中,checkpoint-source; checkpoint-final,优先复核书家、书体、摘录是否精确；通过后再补入主表。,复核后可补入,来自宽口径召回，不能直接定稿,来自参考PDF结构化抽取；需用 page 文本/PDF 复核后定稿。,
附表C｜宽口径已入对照,已与主表近似匹配,BM-0131,05_宽口径匹配高置信,比较,,逸少草有女郎才，无丈夫气，不足贵也。,161,page_161.txt,exact,对照,checkpoint-final,作为第一轮宽口径与高置信的对照行保留，用于解释为什么不重复补入。,不重复入主表,避免重复计数,来自参考PDF结构化抽取；需用 page 文本/PDF 复核后定稿。,SD-0017:review
附表C｜宽口径已入对照,已与主表近似匹配,BM-0145,05_宽口径匹配高置信,比喻,,及其业成之后，神能独超，天姿特秀，流便简易，志在惊奇，峻险高深，起自此子。然时有败累，不顾疵瑕，故减于右军行书之价。,163,page_163.txt,exact,对照,checkpoint-final,作为第一轮宽口径与高置信的对照行保留，用于解释为什么不重复补入。,不重复入主表,避免重复计数,来自参考PDF结构化抽取；需用 page 文本/PDF 复核后定稿。,SD-0018:pass
附表C｜宽口径已入对照,已与主表近似匹配,BM-0014,05_宽口径匹配高置信,李斯,篆,画如铁石，字若飞动，作楷隶之祖，为不易之法。,171,page_171.txt,compact,对照,checkpoint-final,作为第一轮宽口径与高置信的对照行保留，用于解释为什么不重复补入。,不重复入主表,避免重复计数,来自参考PDF结构化抽取；需用 page 文本/PDF 复核后定稿。,SD-0002:pass
附表C｜宽口径已入对照,已与主表近似匹配,BM-0016,05_宽口径匹配高置信,李斯,篆,赞曰：李君创法，神虑精微，铁为肢体，虬作骖騑，江海渺漫，山岳峨巍，长风万里，鸾凤于飞。,172,page_172.txt,exact,对照,checkpoint-final,作为第一轮宽口径与高置信的对照行保留，用于解释为什么不重复补入。,不重复入主表,避免重复计数,来自参考PDF结构化抽取；需用 page 文本/PDF 复核后定稿。,SD-NEW-AUX-017:new_candidate_review
附表C｜宽口径已入对照,已与主表近似匹配,BM-0012,05_宽口径匹配高置信,风神,,又作籀文，其状邪正体则，《石鼓文》存焉。乃开阖古文，畅其纤锐，但折直劲迅，有如镂铁，而端姿旁逸，又婉润焉。,187,page_187.txt,exact,对照,checkpoint-final,作为第一轮宽口径与高置信的对照行保留，用于解释为什么不重复补入。,不重复入主表,避免重复计数,来自参考PDF结构化抽取；需用 page 文本/PDF 复核后定稿。,SD-0001:pass
附表C｜宽口径已入对照,已与主表近似匹配,BM-0042,05_宽口径匹配高置信,水平评价,,子玉官至济北相，文章盖世，善章草，师于杜度，点画之间，莫不调畅，伯英祖述之，其骨力精熟过之也，索靖乃越制特立，风神凛然，其雄勇劲健过之也，以此有谢于张、索。,188,page_188.txt,exact,对照,checkpoint-final,作为第一轮宽口径与高置信的对照行保留，用于解释为什么不重复补入。,不重复入主表,避免重复计数,来自参考PDF结构化抽取；需用 page 文本/PDF 复核后定稿。,SD-0004:pass
附表C｜宽口径已入对照,已与主表近似匹配,BM-0062,05_宽口径匹配高置信,水平评价,,若清涧长源，流而无限，萦回崖谷，任于造化，至于蛟龙骇兽奔腾拿攫之势，心手随变，窈冥而不知其所如，是谓达节也已。,189,page_189.txt,exact,对照,checkpoint-final,作为第一轮宽口径与高置信的对照行保留，用于解释为什么不重复补入。,不重复入主表,避免重复计数,来自参考PDF结构化抽取；需用 page 文本/PDF 复核后定稿。,SD-0007:draft_applied; SD-0008:pass
附表C｜宽口径已入对照,已与主表近似匹配,BM-0088,05_宽口径匹配高置信,皇象（休明）,隶,八分雄才逸力，乃相亚于蔡邕，而妖冶不逮，通议伤于多肉矣。,190,page_190.txt,exact,对照,checkpoint-final,作为第一轮宽口径与高置信的对照行保留，用于解释为什么不重复补入。,不重复入主表,避免重复计数,来自参考PDF结构化抽取；需用 page 文本/PDF 复核后定稿。,SD-0006:pass
附表C｜宽口径已入对照,已与主表近似匹配,BM-0098,05_宽口径匹配高置信,水平评价,楷,繇善书，师曹喜、蔡邕、刘德升。真书绝世，刚柔备焉，点画之间，多有异趣，可谓幽深无际，古雅有馀，秦、汉以来，一人而已。,190,page_190.txt,exact,对照,checkpoint-final,作为第一轮宽口径与高置信的对照行保留，用于解释为什么不重复补入。,不重复入主表,避免重复计数,来自参考PDF结构化抽取；需用 page 文本/PDF 复核后定稿。,SD-0011:pass
附表C｜宽口径已入对照,已与主表近似匹配,BM-0116,05_宽口径匹配高置信,比较,,损益锺君之隶，虽运用增华，而古雅不逮。,192,page_192.txt,exact,对照,checkpoint-final,作为第一轮宽口径与高置信的对照行保留，用于解释为什么不重复补入。,不重复入主表,避免重复计数,来自参考PDF结构化抽取；需用 page 文本/PDF 复核后定稿。,SD-0015:pass
附表C｜宽口径已入对照,已与主表近似匹配,BM-0148,05_宽口径匹配高置信,比喻,,至于行草，兴合如孤峰四绝，迥出天外，其峻峭不可量也。,192,page_192.txt,exact,对照,checkpoint-final,作为第一轮宽口径与高置信的对照行保留，用于解释为什么不重复补入。,不重复入主表,避免重复计数,来自参考PDF结构化抽取；需用 page 文本/PDF 复核后定稿。,SD-0019:pass
附表C｜宽口径已入对照,已与主表近似匹配,BM-0157,05_宽口径匹配高置信,水平评价,,至于行草，兴合如孤峰四绝，迥出天外，其峻峭不可量也。,192,page_192.txt,exact,对照,checkpoint-final,作为第一轮宽口径与高置信的对照行保留，用于解释为什么不重复补入。,不重复入主表,避免重复计数,来自参考PDF结构化抽取；需用 page 文本/PDF 复核后定稿。,SD-0019:pass
附表C｜宽口径已入对照,已与主表近似匹配,BM-0069,05_宽口径匹配高置信,比较,草,至如筋骨天姿，实所未逮，若华实兼美，可以继之。,195,page_195.txt,exact,对照,checkpoint-final,作为第一轮宽口径与高置信的对照行保留，用于解释为什么不重复补入。,不重复入主表,避免重复计数,来自参考PDF结构化抽取；需用 page 文本/PDF 复核后定稿。,SD-0023:pass
附表C｜宽口径已入对照,已与主表近似匹配,BM-0252,05_宽口径匹配高置信,水平评价,,袁昂云：“应规入矩，方圆乃成。”,195,page_195.txt,exact,对照,checkpoint-final,作为第一轮宽口径与高置信的对照行保留，用于解释为什么不重复补入。,不重复入主表,避免重复计数,来自参考PDF结构化抽取；需用 page 文本/PDF 复核后定稿。,SD-0025:pass
附表C｜宽口径已入对照,已与主表近似匹配,BM-0270,05_宽口径匹配高置信,比较,隶,袁昂云：仲将书如龙拏虎踞，剑拔弩张。,196,page_196.txt,exact,对照,checkpoint-final,作为第一轮宽口径与高置信的对照行保留，用于解释为什么不重复补入。,不重复入主表,避免重复计数,来自参考PDF结构化抽取；需用 page 文本/PDF 复核后定稿。,SD-0022:pass
附表C｜宽口径已入对照,已与主表近似匹配,BM-0104,05_宽口径匹配高置信,锺会（士季）,隶,书有父风，稍备筋骨，兼美行草，尤工隶书，遂逸致飘然，有凌云之志，亦所谓剑则干将、莫邪焉。,197,page_197.txt,exact,对照,checkpoint-final,作为第一轮宽口径与高置信的对照行保留，用于解释为什么不重复补入。,不重复入主表,避免重复计数,来自参考PDF结构化抽取；需用 page 文本/PDF 复核后定稿。,SD-0027:pass
附表C｜宽口径已入对照,已与主表近似匹配,BM-0106,05_宽口径匹配高置信,锺会（士季）,行,书有父风，稍备筋骨，兼美行草，尤工隶书，遂逸致飘然，有凌云之志，亦所谓剑则干将、莫邪焉。,197,page_197.txt,exact,对照,checkpoint-final,作为第一轮宽口径与高置信的对照行保留，用于解释为什么不重复补入。,不重复入主表,避免重复计数,来自参考PDF结构化抽取；需用 page 文本/PDF 复核后定稿。,SD-0027:pass
附表C｜宽口径已入对照,已与主表近似匹配,BM-0110,05_宽口径匹配高置信,锺会（士季）,草,书有父风，稍备筋骨，兼美行草，尤工隶书，遂逸致飘然，有凌云之志，亦所谓剑则干将、莫邪焉。,197,page_197.txt,exact,对照,checkpoint-final,作为第一轮宽口径与高置信的对照行保留，用于解释为什么不重复补入。,不重复入主表,避免重复计数,来自参考PDF结构化抽取；需用 page 文本/PDF 复核后定稿。,SD-0027:pass
附表C｜宽口径已入对照,已与主表近似匹配,BM-0279,05_宽口径匹配高置信,嵇康,草,叔夜善书，妙于草制，观其体势，得之自然，意不在乎笔墨，若高逸之士，虽在布衣，有傲然之色。,197,page_197.txt,exact,对照,checkpoint-final,作为第一轮宽口径与高置信的对照行保留，用于解释为什么不重复补入。,不重复入主表,避免重复计数,来自参考PDF结构化抽取；需用 page 文本/PDF 复核后定稿。,SD-0026:pass
附表C｜宽口径已入对照,已与主表近似匹配,BM-0287,05_宽口径匹配高置信,水平评价,,其法遵于卫氏，尤长于章草，纤浓得中，意态无穷，筋骨亦胜。,198,page_198.txt,exact,对照,checkpoint-final,作为第一轮宽口径与高置信的对照行保留，用于解释为什么不重复补入。,不重复入主表,避免重复计数,来自参考PDF结构化抽取；需用 page 文本/PDF 复核后定稿。,SD-0030:pass
附表C｜宽口径已入对照,已与主表近似匹配,BM-0164,05_宽口径匹配高置信,王珉,隶,王珉字季琰，洽之少子。官至中书令，工隶及行草。金剑霜断，崎欹历落，时谓小王之亚也。,199,page_199.txt,exact,对照,checkpoint-final,作为第一轮宽口径与高置信的对照行保留，用于解释为什么不重复补入。,不重复入主表,避免重复计数,来自参考PDF结构化抽取；需用 page 文本/PDF 复核后定稿。,SD-0032:pass
附表C｜宽口径已入对照,已与主表近似匹配,BM-0168,05_宽口径匹配高置信,王珉,行,王珉字季琰，洽之少子。官至中书令，工隶及行草。金剑霜断，崎欹历落，时谓小王之亚也。,199,page_199.txt,exact,对照,checkpoint-final,作为第一轮宽口径与高置信的对照行保留，用于解释为什么不重复补入。,不重复入主表,避免重复计数,来自参考PDF结构化抽取；需用 page 文本/PDF 复核后定稿。,SD-0032:pass
附表C｜宽口径已入对照,已与主表近似匹配,BM-0171,05_宽口径匹配高置信,王珉,草,王珉字季琰，洽之少子。官至中书令，工隶及行草。金剑霜断，崎欹历落，时谓小王之亚也。,199,page_199.txt,exact,对照,checkpoint-final,作为第一轮宽口径与高置信的对照行保留，用于解释为什么不重复补入。,不重复入主表,避免重复计数,来自参考PDF结构化抽取；需用 page 文本/PDF 复核后定稿。,SD-0032:pass
附表C｜宽口径已入对照,已与主表近似匹配,BM-0295,05_宽口径匹配高置信,桓玄,草,尝慕小王，善于草法，譬之于马，则肉翅已就，兰筋初生，畜怒而驰，日可千里，洸洸趍趍，实亦武哉。,199,page_199.txt,exact,对照,checkpoint-final,作为第一轮宽口径与高置信的对照行保留，用于解释为什么不重复补入。,不重复入主表,避免重复计数,来自参考PDF结构化抽取；需用 page 文本/PDF 复核后定稿。,SD-0033:review
附表C｜宽口径已入对照,已与主表近似匹配,BM-0181,05_宽口径匹配高置信,比较,行,师资大令，时亦众矣，非无云林，婉似流风之雪，惊禽走兽，络绎飞驰，亦可谓王之荩臣，朝之元老。,200,page_200.txt,exact,对照,checkpoint-final,作为第一轮宽口径与高置信的对照行保留，用于解释为什么不重复补入。,不重复入主表,避免重复计数,来自参考PDF结构化抽取；需用 page 文本/PDF 复核后定稿。,SD-0036:pass
附表C｜宽口径已入对照,已与主表近似匹配,BM-0185,05_宽口径匹配高置信,比较,草,师资大令，时亦众矣，非无云林，婉似流风之雪，惊禽走兽，络绎飞驰，亦可谓王之荩臣，朝之元老。,200,page_200.txt,exact,对照,checkpoint-final,作为第一轮宽口径与高置信的对照行保留，用于解释为什么不重复补入。,不重复入主表,避免重复计数,来自参考PDF结构化抽取；需用 page 文本/PDF 复核后定稿。,SD-0036:pass
附表C｜宽口径已入对照,已与主表近似匹配,BM-0189,05_宽口径匹配高置信,薄绍之,行,善书，宪章小王，风格秀异，若干将出匣，光芒射人；魏武临戎，纵横制敌。,200,page_200.txt,exact,对照,checkpoint-final,作为第一轮宽口径与高置信的对照行保留，用于解释为什么不重复补入。,不重复入主表,避免重复计数,来自参考PDF结构化抽取；需用 page 文本/PDF 复核后定稿。,SD-0037:draft_applied
附表C｜宽口径已入对照,已与主表近似匹配,BM-0298,05_宽口径匹配高置信,水平评价,,时论以为天然胜羊欣，工夫恨少，是亦天然可尚，道心唯微，探索幽远，若泠泠水行，有岩石间真声。,200,page_200.txt,exact,对照,checkpoint-final,作为第一轮宽口径与高置信的对照行保留，用于解释为什么不重复补入。,不重复入主表,避免重复计数,来自参考PDF结构化抽取；需用 page 文本/PDF 复核后定稿。,SD-0034:pass; SD-0035:blocked_final
附表C｜宽口径已入对照,已与主表近似匹配,BM-0199,05_宽口径匹配高置信,比较,,石韫千年之色，松低百尺之柯，虽不逮师，歘风吐云，簸荡川岳，其亦庶几。,201,page_201.txt,exact,对照,checkpoint-final,作为第一轮宽口径与高置信的对照行保留，用于解释为什么不重复补入。,不重复入主表,避免重复计数,来自参考PDF结构化抽取；需用 page 文本/PDF 复核后定稿。,SD-0042:draft_applied
附表C｜宽口径已入对照,已与主表近似匹配,BM-0232,05_宽口径匹配高置信,萧子云,篆,少善草、行、小篆诸体兼备，而创造小篆飞白，意趣飘然，点画之际，有若翥举，妍妙至极，难与比肩，但少乏古风，抑居妙品。,202,page_202.txt,exact,对照,checkpoint-final,作为第一轮宽口径与高置信的对照行保留，用于解释为什么不重复补入。,不重复入主表,避免重复计数,来自参考PDF结构化抽取；需用 page 文本/PDF 复核后定稿。,SD-0044:pass
附表C｜宽口径已入对照,已与主表近似匹配,BM-0236,05_宽口径匹配高置信,萧子云,行,少善草、行、小篆诸体兼备，而创造小篆飞白，意趣飘然，点画之际，有若翥举，妍妙至极，难与比肩，但少乏古风，抑居妙品。,202,page_202.txt,exact,对照,checkpoint-final,作为第一轮宽口径与高置信的对照行保留，用于解释为什么不重复补入。,不重复入主表,避免重复计数,来自参考PDF结构化抽取；需用 page 文本/PDF 复核后定稿。,SD-0044:pass
附表C｜宽口径已入对照,已与主表近似匹配,BM-0239,05_宽口径匹配高置信,阮研,隶,其隶则习于锺公，风神稍怯。,202,page_202.txt,exact,对照,checkpoint-final,作为第一轮宽口径与高置信的对照行保留，用于解释为什么不重复补入。,不重复入主表,避免重复计数,来自参考PDF结构化抽取；需用 page 文本/PDF 复核后定稿。,SD-0046:pass
附表C｜宽口径已入对照,已与主表近似匹配,BM-0241,05_宽口径匹配高置信,比较,行,其行草出于大王，甚精熟。若飞泉交注，奔竞不息，时称萧、陶等各得右军一体，而此公筋力最优。,202,page_202.txt,exact,对照,checkpoint-final,作为第一轮宽口径与高置信的对照行保留，用于解释为什么不重复补入。,不重复入主表,避免重复计数,来自参考PDF结构化抽取；需用 page 文本/PDF 复核后定稿。,SD-0043:blocked_final; SD-0045:context_review
附表C｜宽口径已入对照,已与主表近似匹配,BM-0244,05_宽口径匹配高置信,比喻,草,其行草出于大王，甚精熟。若飞泉交注，奔竞不息，时称萧、陶等各得右军一体，而此公筋力最优。,202,page_202.txt,exact,对照,checkpoint-final,作为第一轮宽口径与高置信的对照行保留，用于解释为什么不重复补入。,不重复入主表,避免重复计数,来自参考PDF结构化抽取；需用 page 文本/PDF 复核后定稿。,SD-0043:blocked_final; SD-0045:context_review
附表C｜宽口径已入对照,已与主表近似匹配,BM-0210,05_宽口径匹配高置信,水平评价,楷,真行之书，虽于大令亦别成一体，森森焉若武库矛戟，风神严于智永，润色寡于虞世南。,203,page_203.txt,exact,对照,checkpoint-final,作为第一轮宽口径与高置信的对照行保留，用于解释为什么不重复补入。,不重复入主表,避免重复计数,来自参考PDF结构化抽取；需用 page 文本/PDF 复核后定稿。,SD-0039:review
附表C｜宽口径已入对照,已与主表近似匹配,BM-0211,05_宽口径匹配高置信,水平评价,行,真行之书，虽于大令亦别成一体，森森焉若武库矛戟，风神严于智永，润色寡于虞世南。,203,page_203.txt,exact,对照,checkpoint-final,作为第一轮宽口径与高置信的对照行保留，用于解释为什么不重复补入。,不重复入主表,避免重复计数,来自参考PDF结构化抽取；需用 page 文本/PDF 复核后定稿。,SD-0039:review
附表C｜宽口径已入对照,已与主表近似匹配,BM-0203,05_宽口径匹配高置信,虞世南,行,其书得大令之宏规，含五方之正色，姿荣秀出，智勇在焉，秀岭危峰，处处间起，行草之际，尤所偏工，及其暮齿，加以遒逸，臭味羊、薄，不亦宜乎。,204,page_204.txt,exact,对照,checkpoint-final,作为第一轮宽口径与高置信的对照行保留，用于解释为什么不重复补入。,不重复入主表,避免重复计数,来自参考PDF结构化抽取；需用 page 文本/PDF 复核后定稿。,SD-0041:pass
附表C｜宽口径已入对照,已与主表近似匹配,BM-0205,05_宽口径匹配高置信,虞世南,草,其书得大令之宏规，含五方之正色，姿荣秀出，智勇在焉，秀岭危峰，处处间起，行草之际，尤所偏工，及其暮齿，加以遒逸，臭味羊、薄，不亦宜乎。,204,page_204.txt,exact,对照,checkpoint-final,作为第一轮宽口径与高置信的对照行保留，用于解释为什么不重复补入。,不重复入主表,避免重复计数,来自参考PDF结构化抽取；需用 page 文本/PDF 复核后定稿。,SD-0041:pass
附表C｜宽口径已入对照,已与主表近似匹配,BM-0324,05_宽口径匹配高置信,徐幹,草,徐幹字伯张，扶风平陵人。官至班超军司马。善章草书，班固与超书称之曰：“得伯张书藁，势殊工，知识读之，莫不叹息。”,206,page_206.txt,exact,对照,checkpoint-final,作为第一轮宽口径与高置信的对照行保留，用于解释为什么不重复补入。,不重复入主表,避免重复计数,来自参考PDF结构化抽取；需用 page 文本/PDF 复核后定稿。,SD-0048:pass
附表C｜宽口径已入对照,已与主表近似匹配,BM-0332,05_宽口径匹配高置信,卫觊,篆,魏卫觊字伯儒，河南安邑人。官至侍中。尤工古文、篆、隶，草体伤瘦，笔迹精绝。,208,page_208.txt,exact,对照,checkpoint-final,作为第一轮宽口径与高置信的对照行保留，用于解释为什么不重复补入。,不重复入主表,避免重复计数,来自参考PDF结构化抽取；需用 page 文本/PDF 复核后定稿。,SD-0051:pass
附表C｜宽口径已入对照,已与主表近似匹配,BM-0335,05_宽口径匹配高置信,卫觊,隶,魏卫觊字伯儒，河南安邑人。官至侍中。尤工古文、篆、隶，草体伤瘦，笔迹精绝。,208,page_208.txt,exact,对照,checkpoint-final,作为第一轮宽口径与高置信的对照行保留，用于解释为什么不重复补入。,不重复入主表,避免重复计数,来自参考PDF结构化抽取；需用 page 文本/PDF 复核后定稿。,SD-0051:pass
附表C｜宽口径已入对照,已与主表近似匹配,BM-0337,05_宽口径匹配高置信,卫觊,草,魏卫觊字伯儒，河南安邑人。官至侍中。尤工古文、篆、隶，草体伤瘦，笔迹精绝。,208,page_208.txt,exact,对照,checkpoint-final,作为第一轮宽口径与高置信的对照行保留，用于解释为什么不重复补入。,不重复入主表,避免重复计数,来自参考PDF结构化抽取；需用 page 文本/PDF 复核后定稿。,SD-0051:pass
附表C｜宽口径已入对照,已与主表近似匹配,BM-0351,05_宽口径匹配高置信,杨肇,隶,潘岳诔云：「草隶兼善，尺牍必珍，翰动若飞，纸落如云。」,208,page_208.txt,exact,对照,checkpoint-final,作为第一轮宽口径与高置信的对照行保留，用于解释为什么不重复补入。,不重复入主表,避免重复计数,来自参考PDF结构化抽取；需用 page 文本/PDF 复核后定稿。,SD-0052:review
附表C｜宽口径已入对照,已与主表近似匹配,BM-0354,05_宽口径匹配高置信,杨肇,草,潘岳诔云：「草隶兼善，尺牍必珍，翰动若飞，纸落如云。」,208,page_208.txt,exact,对照,checkpoint-final,作为第一轮宽口径与高置信的对照行保留，用于解释为什么不重复补入。,不重复入主表,避免重复计数,来自参考PDF结构化抽取；需用 page 文本/PDF 复核后定稿。,SD-0052:review
附表D｜非风格/品级目录保留,不入主表,BM-0001,06_宽口径未入高置信,张怀瓘,篆,工书，善真、行、小篆、八分，高自矜饰，谓真、行可比虞、褚，草欲独步于数百年间。,155,page_155.txt,exact,辅助,checkpoint-final,保留为目录、品级、水平评价或背景材料，不进入确定风格主表。,保留在附表,不是严格风格证据或仅为宽泛评价,来自参考PDF结构化抽取；需用 page 文本/PDF 复核后定稿。,
附表D｜非风格/品级目录保留,不入主表,BM-0002,06_宽口径未入高置信,张怀瓘,隶,工书，善真、行、小篆、八分，高自矜饰，谓真、行可比虞、褚，草欲独步于数百年间。,155,page_155.txt,exact,辅助,checkpoint-final,保留为目录、品级、水平评价或背景材料，不进入确定风格主表。,保留在附表,不是严格风格证据或仅为宽泛评价,来自参考PDF结构化抽取；需用 page 文本/PDF 复核后定稿。,
附表D｜非风格/品级目录保留,不入主表,BM-0003,06_宽口径未入高置信,张怀瓘,楷,工书，善真、行、小篆、八分，高自矜饰，谓真、行可比虞、褚，草欲独步于数百年间。,155,page_155.txt,exact,辅助,checkpoint-final,保留为目录、品级、水平评价或背景材料，不进入确定风格主表。,保留在附表,不是严格风格证据或仅为宽泛评价,来自参考PDF结构化抽取；需用 page 文本/PDF 复核后定稿。,
附表D｜非风格/品级目录保留,不入主表,BM-0004,06_宽口径未入高置信,张怀瓘,行,工书，善真、行、小篆、八分，高自矜饰，谓真、行可比虞、褚，草欲独步于数百年间。,155,page_155.txt,exact,辅助,checkpoint-final,保留为目录、品级、水平评价或背景材料，不进入确定风格主表。,保留在附表,不是严格风格证据或仅为宽泛评价,来自参考PDF结构化抽取；需用 page 文本/PDF 复核后定稿。,
附表D｜非风格/品级目录保留,不入主表,BM-0005,06_宽口径未入高置信,张怀瓘,草,工书，善真、行、小篆、八分，高自矜饰，谓真、行可比虞、褚，草欲独步于数百年间。,155,page_155.txt,exact,辅助,checkpoint-final,保留为目录、品级、水平评价或背景材料，不进入确定风格主表。,保留在附表,不是严格风格证据或仅为宽泛评价,来自参考PDF结构化抽取；需用 page 文本/PDF 复核后定稿。,
附表D｜非风格/品级目录保留,不入主表,BM-0123,06_宽口径未入高置信,水平评价,行,逸少秉真行之要，子敬执行草之法。,161,page_161.txt,exact,辅助,checkpoint-final,保留为目录、品级、水平评价或背景材料，不进入确定风格主表。,保留在附表,不是严格风格证据或仅为宽泛评价,来自参考PDF结构化抽取；需用 page 文本/PDF 复核后定稿。,
附表D｜非风格/品级目录保留,不入主表,BM-0118,06_宽口径未入高置信,水平评价,楷,如大王草书真字，一百五字乃敌一行行书，三行行书敌一行真正，偏帖则尔。,162,page_162.txt,exact,辅助,checkpoint-final,保留为目录、品级、水平评价或背景材料，不进入确定风格主表。,保留在附表,不是严格风格证据或仅为宽泛评价,来自参考PDF结构化抽取；需用 page 文本/PDF 复核后定稿。,
附表D｜非风格/品级目录保留,不入主表,BM-0119,06_宽口径未入高置信,水平评价,楷,至如《乐毅》、《黄庭》、《太师箴》、《画赞》、《累表》、《告誓》等，但得成篇，即为国宝，不可计以字数，或千或万，惟鉴别之精粗也。,162,page_162.txt,exact,辅助,checkpoint-final,保留为目录、品级、水平评价或背景材料，不进入确定风格主表。,保留在附表,不是严格风格证据或仅为宽泛评价,来自参考PDF结构化抽取；需用 page 文本/PDF 复核后定稿。,
附表D｜非风格/品级目录保留,不入主表,BM-0120,06_宽口径未入高置信,水平评价,楷,计用数百万贯钱，惟市得右军行书五纸，不能致真书一字。,162,page_162.txt,exact,辅助,checkpoint-final,保留为目录、品级、水平评价或背景材料，不进入确定风格主表。,保留在附表,不是严格风格证据或仅为宽泛评价,来自参考PDF结构化抽取；需用 page 文本/PDF 复核后定稿。,
附表D｜非风格/品级目录保留,不入主表,BM-0083,06_宽口径未入高置信,水平评价,草,卫瓘可与张为弟，索靖则雄逸过之。,163,page_163.txt,exact,辅助,checkpoint-final,保留为目录、品级、水平评价或背景材料，不进入确定风格主表。,保留在附表,不是严格风格证据或仅为宽泛评价,来自参考PDF结构化抽取；需用 page 文本/PDF 复核后定稿。,
附表D｜非风格/品级目录保留,不入主表,BM-0121,06_宽口径未入高置信,水平评价,楷,且如右军，真书妙极，又人间切须，是以价齐中估。,163,page_163.txt,exact,辅助,checkpoint-final,保留为目录、品级、水平评价或背景材料，不进入确定风格主表。,保留在附表,不是严格风格证据或仅为宽泛评价,来自参考PDF结构化抽取；需用 page 文本/PDF 复核后定稿。,
附表D｜非风格/品级目录保留,不入主表,BM-0122,06_宽口径未入高置信,水平评价,楷,父子真行，固为百代之楷法。,163,page_163.txt,exact,辅助,checkpoint-final,保留为目录、品级、水平评价或背景材料，不进入确定风格主表。,保留在附表,不是严格风格证据或仅为宽泛评价,来自参考PDF结构化抽取；需用 page 文本/PDF 复核后定稿。,
附表D｜非风格/品级目录保留,不入主表,BM-0139,06_宽口径未入高置信,水平评价,楷,父子真行，固为百代之楷法。,163,page_163.txt,exact,辅助,checkpoint-final,保留为目录、品级、水平评价或背景材料，不进入确定风格主表。,保留在附表,不是严格风格证据或仅为宽泛评价,来自参考PDF结构化抽取；需用 page 文本/PDF 复核后定稿。,
附表D｜非风格/品级目录保留,不入主表,BM-0197,06_宽口径未入高置信,比较,草,王允之 谢灵运 张永才有得失，时见高深，绝长补短，智均力敌，可敌右军草书三分之一。,165,page_165.txt,compact,辅助,checkpoint-final,保留为目录、品级、水平评价或背景材料，不进入确定风格主表。,保留在附表,不是严格风格证据或仅为宽泛评价,来自参考PDF结构化抽取；需用 page 文本/PDF 复核后定稿。,
附表D｜非风格/品级目录保留,不入主表,BM-0345,06_宽口径未入高置信,王允之,草,王允之 谢灵运 张永才有得失，时见高深，绝长补短，智均力敌，可敌右军草书三分之一。,165,page_165.txt,compact,辅助,checkpoint-final,保留为目录、品级、水平评价或背景材料，不进入确定风格主表。,保留在附表,不是严格风格证据或仅为宽泛评价,来自参考PDF结构化抽取；需用 page 文本/PDF 复核后定稿。,
附表D｜非风格/品级目录保留,不入主表,BM-0015,06_宽口径未入高置信,李斯,篆,斯虽草创，遂造其极矣。,171,page_171.txt,exact,辅助,checkpoint-final,保留为目录、品级、水平评价或背景材料，不进入确定风格主表。,保留在附表,不是严格风格证据或仅为宽泛评价,来自参考PDF结构化抽取；需用 page 文本/PDF 复核后定稿。,
附表D｜非风格/品级目录保留,不入主表,BM-0023,06_宽口径未入高置信,蔡邕（蔡伯喈）,隶,夫人才智有所偏工，取其长而舍其短。谚曰：「《韩诗》《郑易》挂著壁」且二王八分即挂壁之类。唯蔡伯喈乃造其极焉。,173,page_173.txt,exact,辅助,checkpoint-final,保留为目录、品级、水平评价或背景材料，不进入确定风格主表。,保留在附表,不是严格风格证据或仅为宽泛评价,来自参考PDF结构化抽取；需用 page 文本/PDF 复核后定稿。,
附表D｜非风格/品级目录保留,不入主表,BM-0112,06_宽口径未入高置信,王羲之（逸少）,隶,谚曰：「《韩诗》《郑易》挂著壁」且二王八分即挂壁之类。唯蔡伯喈乃造其极焉。,173,page_173.txt,exact,辅助,checkpoint-final,保留为目录、品级、水平评价或背景材料，不进入确定风格主表。,保留在附表,不是严格风格证据或仅为宽泛评价,来自参考PDF结构化抽取；需用 page 文本/PDF 复核后定稿。,
附表D｜非风格/品级目录保留,不入主表,BM-0136,06_宽口径未入高置信,王献之（子敬）,隶,谚曰：「《韩诗》《郑易》挂著壁」且二王八分即挂壁之类。唯蔡伯喈乃造其极焉。,173,page_173.txt,exact,辅助,checkpoint-final,保留为目录、品级、水平评价或背景材料，不进入确定风格主表。,保留在附表,不是严格风格证据或仅为宽泛评价,来自参考PDF结构化抽取；需用 page 文本/PDF 复核后定稿。,
附表D｜非风格/品级目录保留,不入主表,BM-0027,06_宽口径未入高置信,陈遵,隶,汉陈遵，字孟公，京兆杜陵人。哀帝之世，为河南太守，善隶书，与人尺牍，主皆藏之以为荣，此其创开隶书之善也。,174,page_174.txt,exact,辅助,checkpoint-final,保留为目录、品级、水平评价或背景材料，不进入确定风格主表。,保留在附表,不是严格风格证据或仅为宽泛评价,来自参考PDF结构化抽取；需用 page 文本/PDF 复核后定稿。,
附表D｜非风格/品级目录保留,不入主表,BM-0031,06_宽口径未入高置信,刘穆,草,后汉北海敬王刘穆善草书，光武之，明帝为太子，尤见亲幸，甚爱其法。及穆临病，明帝令为草书尺牍十余首，此其创开草书之先也。,174,page_174.txt,exact,辅助,checkpoint-final,保留为目录、品级、水平评价或背景材料，不进入确定风格主表。,保留在附表,不是严格风格证据或仅为宽泛评价,来自参考PDF结构化抽取；需用 page 文本/PDF 复核后定稿。,
附表D｜非风格/品级目录保留,不入主表,BM-0033,06_宽口径未入高置信,杜度,草,至建初中，杜度善草，见称于章帝，上贵其迹，诏使草书上事。,174,page_174.txt,exact,辅助,checkpoint-final,保留为目录、品级、水平评价或背景材料，不进入确定风格主表。,保留在附表,不是严格风格证据或仅为宽泛评价,来自参考PDF结构化抽取；需用 page 文本/PDF 复核后定稿。,
附表D｜非风格/品级目录保留,不入主表,BM-0095,06_宽口径未入高置信,锺繇（元常）,隶,尔后锺元常、王逸少各造其极焉。,174,page_174.txt,exact,辅助,checkpoint-final,保留为目录、品级、水平评价或背景材料，不进入确定风格主表。,保留在附表,不是严格风格证据或仅为宽泛评价,来自参考PDF结构化抽取；需用 page 文本/PDF 复核后定稿。,
附表D｜非风格/品级目录保留,不入主表,BM-0113,06_宽口径未入高置信,水平评价,,尔后锺元常、王逸少各造其极焉。,174,page_174.txt,exact,辅助,checkpoint-final,保留为目录、品级、水平评价或背景材料，不进入确定风格主表。,保留在附表,不是严格风格证据或仅为宽泛评价,来自参考PDF结构化抽取；需用 page 文本/PDF 复核后定稿。,
附表D｜非风格/品级目录保留,不入主表,BM-0029,06_宽口径未入高置信,史游,草,案杜度在史游后一百余年，即解散隶体，明是史游创焉。史游即章草之祖也。,175,page_175.txt,exact,辅助,checkpoint-final,保留为目录、品级、水平评价或背景材料，不进入确定风格主表。,保留在附表,不是严格风格证据或仅为宽泛评价,来自参考PDF结构化抽取；需用 page 文本/PDF 复核后定稿。,
附表D｜非风格/品级目录保留,不入主表,BM-0053,06_宽口径未入高置信,品级,,张芝喜而学焉，专其精巧，可谓草圣，超前绝后，独步无双。,175,page_175.txt,exact,辅助,checkpoint-final,保留为目录、品级、水平评价或背景材料，不进入确定风格主表。,保留在附表,不是严格风格证据或仅为宽泛评价,来自参考PDF结构化抽取；需用 page 文本/PDF 复核后定稿。,
附表D｜非风格/品级目录保留,不入主表,BM-0126,06_宽口径未入高置信,比较,,若逸气纵横，则羲谢于献；若簪裾礼乐，则献不继羲。,176,page_176.txt,compact,辅助,checkpoint-final,保留为目录、品级、水平评价或背景材料，不进入确定风格主表。,保留在附表,不是严格风格证据或仅为宽泛评价,来自参考PDF结构化抽取；需用 page 文本/PDF 复核后定稿。,
附表D｜非风格/品级目录保留,不入主表,BM-0056,06_宽口径未入高置信,水平评价,,芝自云：「上比崔、杜不足，下方罗、赵有余。」,178,page_178.txt,exact,辅助,checkpoint-final,保留为目录、品级、水平评价或背景材料，不进入确定风格主表。,保留在附表,不是严格风格证据或仅为宽泛评价,来自参考PDF结构化抽取；需用 page 文本/PDF 复核后定稿。,
附表D｜非风格/品级目录保留,不入主表,BM-0059,06_宽口径未入高置信,水平评价,,伯英虽始草创，遂造其极。,178,page_178.txt,exact,辅助,checkpoint-final,保留为目录、品级、水平评价或背景材料，不进入确定风格主表。,保留在附表,不是严格风格证据或仅为宽泛评价,来自参考PDF结构化抽取；需用 page 文本/PDF 复核后定稿。,
附表D｜非风格/品级目录保留,不入主表,BM-0155,06_宽口径未入高置信,水平评价,,惟王子敬明其深指，宣导之宜，信可谓草圣，无间然者也。,178,page_178.txt,exact,辅助,checkpoint-final,保留为目录、品级、水平评价或背景材料，不进入确定风格主表。,保留在附表,不是严格风格证据或仅为宽泛评价,来自参考PDF结构化抽取；需用 page 文本/PDF 复核后定稿。,
附表D｜非风格/品级目录保留,不入主表,BM-0060,06_宽口径未入高置信,水平评价,,伯英即草书之祖也。,179,page_179.txt,exact,辅助,checkpoint-final,保留为目录、品级、水平评价或背景材料，不进入确定风格主表。,保留在附表,不是严格风格证据或仅为宽泛评价,来自参考PDF结构化抽取；需用 page 文本/PDF 复核后定稿。,
附表D｜非风格/品级目录保留,不入主表,BM-0011,06_宽口径未入高置信,水平评价,,今妙迹虽绝于世，考其遗法，肃若神明，故可特居神品。,187,page_187.txt,exact,辅助,checkpoint-final,保留为目录、品级、水平评价或背景材料，不进入确定风格主表。,保留在附表,不是严格风格证据或仅为宽泛评价,来自参考PDF结构化抽取；需用 page 文本/PDF 复核后定稿。,
附表D｜非风格/品级目录保留,不入主表,BM-0013,06_宽口径未入高置信,风神,,籀大篆、籀文入神。,187,page_187.txt,exact,辅助,checkpoint-final,保留为目录、品级、水平评价或背景材料，不进入确定风格主表。,保留在附表,不是严格风格证据或仅为宽泛评价,来自参考PDF结构化抽取；需用 page 文本/PDF 复核后定稿。,
附表D｜非风格/品级目录保留,不入主表,BM-0017,06_宽口径未入高置信,李斯,篆,古文可为上古，大篆为中古，小篆为下古，三古谓实，草隶为华，妙极于华者羲、献，精穷于实者籀、斯。,188,page_188.txt,exact,辅助,checkpoint-final,保留为目录、品级、水平评价或背景材料，不进入确定风格主表。,保留在附表,不是严格风格证据或仅为宽泛评价,来自参考PDF结构化抽取；需用 page 文本/PDF 复核后定稿。,
附表D｜非风格/品级目录保留,不入主表,BM-0018,06_宽口径未入高置信,水平评价,,今《泰山》、《峄山》、《秦望》等碑并其遗迹，亦谓传国之伟宝，百代之法式。斯小篆入神，大篆入妙也。,188,page_188.txt,exact,辅助,checkpoint-final,保留为目录、品级、水平评价或背景材料，不进入确定风格主表。,保留在附表,不是严格风格证据或仅为宽泛评价,来自参考PDF结构化抽取；需用 page 文本/PDF 复核后定稿。,
附表D｜非风格/品级目录保留,不入主表,BM-0036,06_宽口径未入高置信,比较,,后汉杜度字伯度，京兆杜陵人。御史大夫延年曾孙。章帝时为齐相，善章草。虽史游始草书，传不纪其能，又绝其迹，创其神妙，其惟杜公。,188,page_188.txt,exact,辅助,checkpoint-final,保留为目录、品级、水平评价或背景材料，不进入确定风格主表。,保留在附表,不是严格风格证据或仅为宽泛评价,来自参考PDF结构化抽取；需用 page 文本/PDF 复核后定稿。,
附表D｜非风格/品级目录保留,不入主表,BM-0044,06_宽口径未入高置信,品级,,子玉章草入神，小篆入妙。,189,page_189.txt,exact,辅助,checkpoint-final,保留为目录、品级、水平评价或背景材料，不进入确定风格主表。,保留在附表,不是严格风格证据或仅为宽泛评价,来自参考PDF结构化抽取；需用 page 文本/PDF 复核后定稿。,
附表D｜非风格/品级目录保留,不入主表,BM-0065,06_宽口径未入高置信,比较,,其章草《金人铭》可谓精熟至极，其草书《急就章》，字皆一笔而成，合于自然，可谓变化至极。,189,page_189.txt,exact,辅助,checkpoint-final,保留为目录、品级、水平评价或背景材料，不进入确定风格主表。,保留在附表,不是严格风格证据或仅为宽泛评价,来自参考PDF结构化抽取；需用 page 文本/PDF 复核后定稿。,
附表D｜非风格/品级目录保留,不入主表,BM-0022,06_宽口径未入高置信,蔡邕（蔡伯喈）,篆,伯喈八分、飞白入神，大篆、小篆、隶书入妙。,190,page_190.txt,exact,辅助,checkpoint-final,保留为目录、品级、水平评价或背景材料，不进入确定风格主表。,保留在附表,不是严格风格证据或仅为宽泛评价,来自参考PDF结构化抽取；需用 page 文本/PDF 复核后定稿。,
附表D｜非风格/品级目录保留,不入主表,BM-0025,06_宽口径未入高置信,比较,,伯喈八分、飞白入神，大篆、小篆、隶书入妙。,190,page_190.txt,exact,辅助,checkpoint-final,保留为目录、品级、水平评价或背景材料，不进入确定风格主表。,保留在附表,不是严格风格证据或仅为宽泛评价,来自参考PDF结构化抽取；需用 page 文本/PDF 复核后定稿。,
附表D｜非风格/品级目录保留,不入主表,BM-0091,06_宽口径未入高置信,皇象（休明）,草,吴皇象字休明，广陵江都人也。官至侍中，工章草，师于杜度。,190,page_190.txt,exact,辅助,checkpoint-final,保留为目录、品级、水平评价或背景材料，不进入确定风格主表。,保留在附表,不是严格风格证据或仅为宽泛评价,来自参考PDF结构化抽取；需用 page 文本/PDF 复核后定稿。,
附表D｜非风格/品级目录保留,不入主表,BM-0096,06_宽口径未入高置信,比较,,其行书则羲之、献之之亚，草则卫、索之下，八分则有《魏受禅碑》，称为最。,190,page_190.txt,exact,辅助,checkpoint-final,保留为目录、品级、水平评价或背景材料，不进入确定风格主表。,保留在附表,不是严格风格证据或仅为宽泛评价,来自参考PDF结构化抽取；需用 page 文本/PDF 复核后定稿。,
附表D｜非风格/品级目录保留,不入主表,BM-0097,06_宽口径未入高置信,水平评价,,元常隶行入神，八分、草入妙。,190,page_190.txt,exact,辅助,checkpoint-final,保留为目录、品级、水平评价或背景材料，不进入确定风格主表。,保留在附表,不是严格风格证据或仅为宽泛评价,来自参考PDF结构化抽取；需用 page 文本/PDF 复核后定稿。,
附表D｜非风格/品级目录保留,不入主表,BM-0100,06_宽口径未入高置信,水平评价,行,其行书则羲之、献之之亚，草则卫、索之下，八分则有《魏受禅碑》，称为最。,190,page_190.txt,exact,辅助,checkpoint-final,保留为目录、品级、水平评价或背景材料，不进入确定风格主表。,保留在附表,不是严格风格证据或仅为宽泛评价,来自参考PDF结构化抽取；需用 page 文本/PDF 复核后定稿。,
附表D｜非风格/品级目录保留,不入主表,BM-0101,06_宽口径未入高置信,水平评价,,元常隶行入神，八分、草入妙。,190,page_190.txt,exact,辅助,checkpoint-final,保留为目录、品级、水平评价或背景材料，不进入确定风格主表。,保留在附表,不是严格风格证据或仅为宽泛评价,来自参考PDF结构化抽取；需用 page 文本/PDF 复核后定稿。,
附表D｜非风格/品级目录保留,不入主表,BM-0102,06_宽口径未入高置信,水平评价,草,其行书则羲之、献之之亚，草则卫、索之下，八分则有《魏受禅碑》，称为最。,190,page_190.txt,exact,辅助,checkpoint-final,保留为目录、品级、水平评价或背景材料，不进入确定风格主表。,保留在附表,不是严格风格证据或仅为宽泛评价,来自参考PDF结构化抽取；需用 page 文本/PDF 复核后定稿。,
附表D｜非风格/品级目录保留,不入主表,BM-0103,06_宽口径未入高置信,水平评价,,元常隶行入神，八分、草入妙。,190,page_190.txt,exact,辅助,checkpoint-final,保留为目录、品级、水平评价或背景材料，不进入确定风格主表。,保留在附表,不是严格风格证据或仅为宽泛评价,来自参考PDF结构化抽取；需用 page 文本/PDF 复核后定稿。,
附表D｜非风格/品级目录保留,不入主表,BM-0076,06_宽口径未入高置信,品级,,时人云：精熟至极，索不及张；妙有余姿，张不及索。,191,page_191.txt,exact,辅助,checkpoint-final,保留为目录、品级、水平评价或背景材料，不进入确定风格主表。,保留在附表,不是严格风格证据或仅为宽泛评价,来自参考PDF结构化抽取；需用 page 文本/PDF 复核后定稿。,
附表D｜非风格/品级目录保留,不入主表,BM-0077,06_宽口径未入高置信,姿态,,章草入神，八分、草入妙。,191,page_191.txt,exact,辅助,checkpoint-final,保留为目录、品级、水平评价或背景材料，不进入确定风格主表。,保留在附表,不是严格风格证据或仅为宽泛评价,来自参考PDF结构化抽取；需用 page 文本/PDF 复核后定稿。,
附表D｜非风格/品级目录保留,不入主表,BM-0081,06_宽口径未入高置信,水平评价,行,章草入神，小篆、隶、行、草入妙。,191,page_191.txt,exact,辅助,checkpoint-final,保留为目录、品级、水平评价或背景材料，不进入确定风格主表。,保留在附表,不是严格风格证据或仅为宽泛评价,来自参考PDF结构化抽取；需用 page 文本/PDF 复核后定稿。,
附表D｜非风格/品级目录保留,不入主表,BM-0084,06_宽口径未入高置信,水平评价,草,善诸书，引索靖为尚书郎，号一台二妙。时议放手流便过索，而法则不如之。,191,page_191.txt,exact,辅助,checkpoint-final,保留为目录、品级、水平评价或背景材料，不进入确定风格主表。,保留在附表,不是严格风格证据或仅为宽泛评价,来自参考PDF结构化抽取；需用 page 文本/PDF 复核后定稿。,
附表D｜非风格/品级目录保留,不入主表,BM-0086,06_宽口径未入高置信,比较,,章草入神，小篆、隶、行、草入妙。,191,page_191.txt,exact,辅助,checkpoint-final,保留为目录、品级、水平评价或背景材料，不进入确定风格主表。,保留在附表,不是严格风格证据或仅为宽泛评价,来自参考PDF结构化抽取；需用 page 文本/PDF 复核后定稿。,
附表D｜非风格/品级目录保留,不入主表,BM-0117,06_宽口径未入高置信,水平评价,,隶、行、草书、章草、飞白俱入神，八分入妙。,192,page_192.txt,exact,辅助,checkpoint-final,保留为目录、品级、水平评价或背景材料，不进入确定风格主表。,保留在附表,不是严格风格证据或仅为宽泛评价,来自参考PDF结构化抽取；需用 page 文本/PDF 复核后定稿。,
附表D｜非风格/品级目录保留,不入主表,BM-0127,06_宽口径未入高置信,风神,,隶、行、草书、章草、飞白俱入神，八分入妙。,192,page_192.txt,exact,辅助,checkpoint-final,保留为目录、品级、水平评价或背景材料，不进入确定风格主表。,保留在附表,不是严格风格证据或仅为宽泛评价,来自参考PDF结构化抽取；需用 page 文本/PDF 复核后定稿。,
附表D｜非风格/品级目录保留,不入主表,BM-0135,06_宽口径未入高置信,水平评价,,隶、行、草书、章草、飞白俱入神，八分入妙。,192,page_192.txt,exact,辅助,checkpoint-final,保留为目录、品级、水平评价或背景材料，不进入确定风格主表。,保留在附表,不是严格风格证据或仅为宽泛评价,来自参考PDF结构化抽取；需用 page 文本/PDF 复核后定稿。,
附表D｜非风格/品级目录保留,不入主表,BM-0138,06_宽口径未入高置信,水平评价,,子敬隶、行、草、章草、飞白五体俱入神，八分入能。,193,page_193.txt,exact,辅助,checkpoint-final,保留为目录、品级、水平评价或背景材料，不进入确定风格主表。,保留在附表,不是严格风格证据或仅为宽泛评价,来自参考PDF结构化抽取；需用 page 文本/PDF 复核后定稿。,
附表D｜非风格/品级目录保留,不入主表,BM-0150,06_宽口径未入高置信,比喻,,唯行草之间，逸气过也。及论诸体，多劣于右军。总而言之，季孟差耳。,193,page_193.txt,exact,辅助,checkpoint-final,保留为目录、品级、水平评价或背景材料，不进入确定风格主表。,保留在附表,不是严格风格证据或仅为宽泛评价,来自参考PDF结构化抽取；需用 page 文本/PDF 复核后定稿。,
附表D｜非风格/品级目录保留,不入主表,BM-0151,06_宽口径未入高置信,风神,,子敬隶、行、草、章草、飞白五体俱入神，八分入能。,193,page_193.txt,exact,辅助,checkpoint-final,保留为目录、品级、水平评价或背景材料，不进入确定风格主表。,保留在附表,不是严格风格证据或仅为宽泛评价,来自参考PDF结构化抽取；需用 page 文本/PDF 复核后定稿。,
附表D｜非风格/品级目录保留,不入主表,BM-0158,06_宽口径未入高置信,比喻,,子敬隶、行、草、章草、飞白五体俱入神，八分入能。,193,page_193.txt,exact,辅助,checkpoint-final,保留为目录、品级、水平评价或背景材料，不进入确定风格主表。,保留在附表,不是严格风格证据或仅为宽泛评价,来自参考PDF结构化抽取；需用 page 文本/PDF 复核后定稿。,
附表D｜非风格/品级目录保留,不入主表,BM-0256,06_宽口径未入高置信,曹喜,篆,曹喜字仲则，扶风平陵人，章帝建初中为秘书郎。篆、隶之工收名天下。,194,page_194.txt,exact,辅助,checkpoint-final,保留为目录、品级、水平评价或背景材料，不进入确定风格主表。,保留在附表,不是严格风格证据或仅为宽泛评价,来自参考PDF结构化抽取；需用 page 文本/PDF 复核后定稿。,
附表D｜非风格/品级目录保留,不入主表,BM-0257,06_宽口径未入高置信,曹喜,篆,卫恒云：喜善篆，小异于李斯，邯郸淳师焉，略究其妙，韦诞师淳而不及也。,194,page_194.txt,exact,辅助,checkpoint-final,保留为目录、品级、水平评价或背景材料，不进入确定风格主表。,保留在附表,不是严格风格证据或仅为宽泛评价,来自参考PDF结构化抽取；需用 page 文本/PDF 复核后定稿。,
附表D｜非风格/品级目录保留,不入主表,BM-0259,06_宽口径未入高置信,品级,隶,曹喜字仲则，扶风平陵人，章帝建初中为秘书郎。篆、隶之工收名天下。,194,page_194.txt,exact,辅助,checkpoint-final,保留为目录、品级、水平评价或背景材料，不进入确定风格主表。,保留在附表,不是严格风格证据或仅为宽泛评价,来自参考PDF结构化抽取；需用 page 文本/PDF 复核后定稿。,
附表D｜非风格/品级目录保留,不入主表,BM-0312,06_宽口径未入高置信,师宜官,隶,师宜官南阳人。灵帝好书，征天下工书于鸿都门，至数百人，八分称宜官为最，大则一字径丈，小乃方寸千言，甚矜其能。,194,page_194.txt,exact,辅助,checkpoint-final,保留为目录、品级、水平评价或背景材料，不进入确定风格主表。,保留在附表,不是严格风格证据或仅为宽泛评价,来自参考PDF结构化抽取；需用 page 文本/PDF 复核后定稿。,
附表D｜非风格/品级目录保留,不入主表,BM-0313,06_宽口径未入高置信,品级,,性嗜酒，或时空至酒家，书其壁以售之，观者云集，酤酒多售，则铲去之。,194,page_194.txt,exact,辅助,checkpoint-final,保留为目录、品级、水平评价或背景材料，不进入确定风格主表。,保留在附表,不是严格风格证据或仅为宽泛评价,来自参考PDF结构化抽取；需用 page 文本/PDF 复核后定稿。,
附表D｜非风格/品级目录保留,不入主表,BM-0314,06_宽口径未入高置信,梁鹄,隶,梁鹄字孟皇，安定乌氏人。少好书，受法于师宜官，以善八分知名，举孝廉为郎，灵帝重之，亦在鸿都门下。,194,page_194.txt,exact,辅助,checkpoint-final,保留为目录、品级、水平评价或背景材料，不进入确定风格主表。,保留在附表,不是严格风格证据或仅为宽泛评价,来自参考PDF结构化抽取；需用 page 文本/PDF 复核后定稿。,
附表D｜非风格/品级目录保留,不入主表,BM-0067,06_宽口径未入高置信,张昶,隶,又极工八分，况之蔡公，长幼差耳。,195,page_195.txt,exact,辅助,checkpoint-final,保留为目录、品级、水平评价或背景材料，不进入确定风格主表。,保留在附表,不是严格风格证据或仅为宽泛评价,来自参考PDF结构化抽取；需用 page 文本/PDF 复核后定稿。,
附表D｜非风格/品级目录保留,不入主表,BM-0068,06_宽口径未入高置信,比较,草,张昶字文舒，伯英季弟，为黄门侍郎，尤善章草，家风不坠，奕叶清华，书类伯英，时人谓之“亚圣”。,195,page_195.txt,exact,辅助,checkpoint-final,保留为目录、品级、水平评价或背景材料，不进入确定风格主表。,保留在附表,不是严格风格证据或仅为宽泛评价,来自参考PDF结构化抽取；需用 page 文本/PDF 复核后定稿。,
附表D｜非风格/品级目录保留,不入主表,BM-0249,06_宽口径未入高置信,水平评价,,张华云：汉安平崔瑗子寔、弘农张芝、芝弟昶，并善书，而魏武亚焉。,195,page_195.txt,exact,辅助,checkpoint-final,保留为目录、品级、水平评价或背景材料，不进入确定风格主表。,保留在附表,不是严格风格证据或仅为宽泛评价,来自参考PDF结构化抽取；需用 page 文本/PDF 复核后定稿。,
附表D｜非风格/品级目录保留,不入主表,BM-0250,06_宽口径未入高置信,邯郸淳,篆,书则八体悉工，师于曹喜，尤精古文、大篆、八分、隶书，自杜林、卫密以来，古文泯绝，由淳复著。,195,page_195.txt,exact,辅助,checkpoint-final,保留为目录、品级、水平评价或背景材料，不进入确定风格主表。,保留在附表,不是严格风格证据或仅为宽泛评价,来自参考PDF结构化抽取；需用 page 文本/PDF 复核后定稿。,
附表D｜非风格/品级目录保留,不入主表,BM-0251,06_宽口径未入高置信,比较,,卫恒云：“魏初传古文者出于邯郸淳，蔡邕采斯、喜之法，为古今杂形，然精密闲理，不如淳也。”,195,page_195.txt,exact,辅助,checkpoint-final,保留为目录、品级、水平评价或背景材料，不进入确定风格主表。,保留在附表,不是严格风格证据或仅为宽泛评价,来自参考PDF结构化抽取；需用 page 文本/PDF 复核后定稿。,
附表D｜非风格/品级目录保留,不入主表,BM-0254,06_宽口径未入高置信,笔法,隶,梁鹄云：“淳得次仲法，韦诞师淳而不及也。”,195,page_195.txt,exact,辅助,checkpoint-final,保留为目录、品级、水平评价或背景材料，不进入确定风格主表。,保留在附表,不是严格风格证据或仅为宽泛评价,来自参考PDF结构化抽取；需用 page 文本/PDF 复核后定稿。,
附表D｜非风格/品级目录保留,不入主表,BM-0255,06_宽口径未入高置信,水平评价,,张华云：“邯鄲淳善隸書。子淑古文、小篆、八分，隸并入妙。”,195,page_195.txt,exact,辅助,checkpoint-final,保留为目录、品级、水平评价或背景材料，不进入确定风格主表。,保留在附表,不是严格风格证据或仅为宽泛评价,来自参考PDF结构化抽取；需用 page 文本/PDF 复核后定稿。,
附表D｜非风格/品级目录保留,不入主表,BM-0261,06_宽口径未入高置信,胡昭,篆,孔明隶、行入妙，大篆入能。,196,page_196.txt,exact,辅助,checkpoint-final,保留为目录、品级、水平评价或背景材料，不进入确定风格主表。,保留在附表,不是严格风格证据或仅为宽泛评价,来自参考PDF结构化抽取；需用 page 文本/PDF 复核后定稿。,
附表D｜非风格/品级目录保留,不入主表,BM-0262,06_宽口径未入高置信,胡昭,隶,张华云：胡昭善隶书，茂先与荀勖共整理记籍，又立书博士，置弟子教习，以鍾、胡为法。,196,page_196.txt,exact,辅助,checkpoint-final,保留为目录、品级、水平评价或背景材料，不进入确定风格主表。,保留在附表,不是严格风格证据或仅为宽泛评价,来自参考PDF结构化抽取；需用 page 文本/PDF 复核后定稿。,
附表D｜非风格/品级目录保留,不入主表,BM-0263,06_宽口径未入高置信,比较,,孔明隶、行入妙，大篆入能。,196,page_196.txt,exact,辅助,checkpoint-final,保留为目录、品级、水平评价或背景材料，不进入确定风格主表。,保留在附表,不是严格风格证据或仅为宽泛评价,来自参考PDF结构化抽取；需用 page 文本/PDF 复核后定稿。,
附表D｜非风格/品级目录保留,不入主表,BM-0264,06_宽口径未入高置信,比较,行,昭与锺繇并师于刘德升，俱善草行，而胡肥锺瘦，尺牍之迹，动见模楷。,196,page_196.txt,exact,辅助,checkpoint-final,保留为目录、品级、水平评价或背景材料，不进入确定风格主表。,保留在附表,不是严格风格证据或仅为宽泛评价,来自参考PDF结构化抽取；需用 page 文本/PDF 复核后定稿。,
附表D｜非风格/品级目录保留,不入主表,BM-0265,06_宽口径未入高置信,姿态,,孔明隶、行入妙，大篆入能。,196,page_196.txt,exact,辅助,checkpoint-final,保留为目录、品级、水平评价或背景材料，不进入确定风格主表。,保留在附表,不是严格风格证据或仅为宽泛评价,来自参考PDF结构化抽取；需用 page 文本/PDF 复核后定稿。,
附表D｜非风格/品级目录保留,不入主表,BM-0266,06_宽口径未入高置信,姿态,草,昭与锺繇并师于刘德升，俱善草行，而胡肥锺瘦，尺牍之迹，动见模楷。,196,page_196.txt,exact,辅助,checkpoint-final,保留为目录、品级、水平评价或背景材料，不进入确定风格主表。,保留在附表,不是严格风格证据或仅为宽泛评价,来自参考PDF结构化抽取；需用 page 文本/PDF 复核后定稿。,
附表D｜非风格/品级目录保留,不入主表,BM-0268,06_宽口径未入高置信,韦诞,篆,伏膺于张芝，兼邯郸淳之法，诸书并善，尤精题署。,196,page_196.txt,exact,辅助,checkpoint-final,保留为目录、品级、水平评价或背景材料，不进入确定风格主表。,保留在附表,不是严格风格证据或仅为宽泛评价,来自参考PDF结构化抽取；需用 page 文本/PDF 复核后定稿。,
附表D｜非风格/品级目录保留,不入主表,BM-0269,06_宽口径未入高置信,比较,,八分隶章、飞白入妙，小篆入能。,196,page_196.txt,exact,辅助,checkpoint-final,保留为目录、品级、水平评价或背景材料，不进入确定风格主表。,保留在附表,不是严格风格证据或仅为宽泛评价,来自参考PDF结构化抽取；需用 page 文本/PDF 复核后定稿。,
附表D｜非风格/品级目录保留,不入主表,BM-0271,06_宽口径未入高置信,比喻,,张华云：京兆韦诞、子熊，颍川锺繇、子会，并善隶书。,196,page_196.txt,exact,辅助,checkpoint-final,保留为目录、品级、水平评价或背景材料，不进入确定风格主表。,保留在附表,不是严格风格证据或仅为宽泛评价,来自参考PDF结构化抽取；需用 page 文本/PDF 复核后定稿。,
附表D｜非风格/品级目录保留,不入主表,BM-0273,06_宽口径未入高置信,气势,,八分隶章、飞白入妙，小篆入能。,196,page_196.txt,exact,辅助,checkpoint-final,保留为目录、品级、水平评价或背景材料，不进入确定风格主表。,保留在附表,不是严格风格证据或仅为宽泛评价,来自参考PDF结构化抽取；需用 page 文本/PDF 复核后定稿。,
附表D｜非风格/品级目录保留,不入主表,BM-0275,06_宽口径未入高置信,比较,,然草迹之妙，亚乎索靖也。,196,page_196.txt,exact,辅助,checkpoint-final,保留为目录、品级、水平评价或背景材料，不进入确定风格主表。,保留在附表,不是严格风格证据或仅为宽泛评价,来自参考PDF结构化抽取；需用 page 文本/PDF 复核后定稿。,
附表D｜非风格/品级目录保留,不入主表,BM-0276,06_宽口径未入高置信,水平评价,,八分隶章、飞白入妙，小篆入能。,196,page_196.txt,exact,辅助,checkpoint-final,保留为目录、品级、水平评价或背景材料，不进入确定风格主表。,保留在附表,不是严格风格证据或仅为宽泛评价,来自参考PDF结构化抽取；需用 page 文本/PDF 复核后定稿。,
附表D｜非风格/品级目录保留,不入主表,BM-0105,06_宽口径未入高置信,锺会（士季）,隶,会隶、行、章草入妙。,197,page_197.txt,exact,辅助,checkpoint-final,保留为目录、品级、水平评价或背景材料，不进入确定风格主表。,保留在附表,不是严格风格证据或仅为宽泛评价,来自参考PDF结构化抽取；需用 page 文本/PDF 复核后定稿。,
附表D｜非风格/品级目录保留,不入主表,BM-0107,06_宽口径未入高置信,锺会（士季）,行,会隶、行、章草入妙。,197,page_197.txt,exact,辅助,checkpoint-final,保留为目录、品级、水平评价或背景材料，不进入确定风格主表。,保留在附表,不是严格风格证据或仅为宽泛评价,来自参考PDF结构化抽取；需用 page 文本/PDF 复核后定稿。,
附表D｜非风格/品级目录保留,不入主表,BM-0111,06_宽口径未入高置信,锺会（士季）,草,会隶、行、章草入妙。,197,page_197.txt,exact,辅助,checkpoint-final,保留为目录、品级、水平评价或背景材料，不进入确定风格主表。,保留在附表,不是严格风格证据或仅为宽泛评价,来自参考PDF结构化抽取；需用 page 文本/PDF 复核后定稿。,
附表D｜非风格/品级目录保留,不入主表,BM-0282,06_宽口径未入高置信,比较,,世将飞白入妙，隶入能。,198,page_198.txt,exact,辅助,checkpoint-final,保留为目录、品级、水平评价或背景材料，不进入确定风格主表。,保留在附表,不是严格风格证据或仅为宽泛评价,来自参考PDF结构化抽取；需用 page 文本/PDF 复核后定稿。,
附表D｜非风格/品级目录保留,不入主表,BM-0285,06_宽口径未入高置信,郗愔,隶,方回章草入妙，草隶入能。,198,page_198.txt,exact,辅助,checkpoint-final,保留为目录、品级、水平评价或背景材料，不进入确定风格主表。,保留在附表,不是严格风格证据或仅为宽泛评价,来自参考PDF结构化抽取；需用 page 文本/PDF 复核后定稿。,
附表D｜非风格/品级目录保留,不入主表,BM-0288,06_宽口径未入高置信,水平评价,,王僧虔云：郗愔章草，亚于右军。,198,page_198.txt,exact,辅助,checkpoint-final,保留为目录、品级、水平评价或背景材料，不进入确定风格主表。,保留在附表,不是严格风格证据或仅为宽泛评价,来自参考PDF结构化抽取；需用 page 文本/PDF 复核后定稿。,
附表D｜非风格/品级目录保留,不入主表,BM-0289,06_宽口径未入高置信,水平评价,,方回章草入妙，草隶入能。,198,page_198.txt,exact,辅助,checkpoint-final,保留为目录、品级、水平评价或背景材料，不进入确定风格主表。,保留在附表,不是严格风格证据或仅为宽泛评价,来自参考PDF结构化抽取；需用 page 文本/PDF 复核后定稿。,
附表D｜非风格/品级目录保留,不入主表,BM-0165,06_宽口径未入高置信,王珉,隶,隶行入妙。,199,page_199.txt,exact,辅助,checkpoint-final,保留为目录、品级、水平评价或背景材料，不进入确定风格主表。,保留在附表,不是严格风格证据或仅为宽泛评价,来自参考PDF结构化抽取；需用 page 文本/PDF 复核后定稿。,
附表D｜非风格/品级目录保留,不入主表,BM-0170,06_宽口径未入高置信,王珉,行,隶行入妙。,199,page_199.txt,exact,辅助,checkpoint-final,保留为目录、品级、水平评价或背景材料，不进入确定风格主表。,保留在附表,不是严格风格证据或仅为宽泛评价,来自参考PDF结构化抽取；需用 page 文本/PDF 复核后定稿。,
附表D｜非风格/品级目录保留,不入主表,BM-0290,06_宽口径未入高置信,谢安,隶,安石隶、行、草入妙。,199,page_199.txt,exact,辅助,checkpoint-final,保留为目录、品级、水平评价或背景材料，不进入确定风格主表。,保留在附表,不是严格风格证据或仅为宽泛评价,来自参考PDF结构化抽取；需用 page 文本/PDF 复核后定稿。,
附表D｜非风格/品级目录保留,不入主表,BM-0291,06_宽口径未入高置信,谢安,楷,学草、正于右军，右军云：“卿是解书者，然知解书者尤难。”,199,page_199.txt,exact,辅助,checkpoint-final,保留为目录、品级、水平评价或背景材料，不进入确定风格主表。,保留在附表,不是严格风格证据或仅为宽泛评价,来自参考PDF结构化抽取；需用 page 文本/PDF 复核后定稿。,
附表D｜非风格/品级目录保留,不入主表,BM-0292,06_宽口径未入高置信,水平评价,行,安石隶、行、草入妙。,199,page_199.txt,exact,辅助,checkpoint-final,保留为目录、品级、水平评价或背景材料，不进入确定风格主表。,保留在附表,不是严格风格证据或仅为宽泛评价,来自参考PDF结构化抽取；需用 page 文本/PDF 复核后定稿。,
附表D｜非风格/品级目录保留,不入主表,BM-0293,06_宽口径未入高置信,水平评价,草,学草、正于右军，右军云：“卿是解书者，然知解书者尤难。”,199,page_199.txt,exact,辅助,checkpoint-final,保留为目录、品级、水平评价或背景材料，不进入确定风格主表。,保留在附表,不是严格风格证据或仅为宽泛评价,来自参考PDF结构化抽取；需用 page 文本/PDF 复核后定稿。,
附表D｜非风格/品级目录保留,不入主表,BM-0294,06_宽口径未入高置信,水平评价,,安石隶、行、草入妙。,199,page_199.txt,exact,辅助,checkpoint-final,保留为目录、品级、水平评价或背景材料，不进入确定风格主表。,保留在附表,不是严格风格证据或仅为宽泛评价,来自参考PDF结构化抽取；需用 page 文本/PDF 复核后定稿。,
附表D｜非风格/品级目录保留,不入主表,BM-0178,06_宽口径未入高置信,羊欣,隶,沈约云：敬元尤善于隶书，子敬之后可以独步。,200,page_200.txt,exact,辅助,checkpoint-final,保留为目录、品级、水平评价或背景材料，不进入确定风格主表。,保留在附表,不是严格风格证据或仅为宽泛评价,来自参考PDF结构化抽取；需用 page 文本/PDF 复核后定稿。,
附表D｜非风格/品级目录保留,不入主表,BM-0179,06_宽口径未入高置信,比较,,敬元隶、行、草入妙。,200,page_200.txt,exact,辅助,checkpoint-final,保留为目录、品级、水平评价或背景材料，不进入确定风格主表。,保留在附表,不是严格风格证据或仅为宽泛评价,来自参考PDF结构化抽取；需用 page 文本/PDF 复核后定稿。,
附表D｜非风格/品级目录保留,不入主表,BM-0182,06_宽口径未入高置信,比较,行,时人云：“买王得羊，不失所望。”,200,page_200.txt,exact,辅助,checkpoint-final,保留为目录、品级、水平评价或背景材料，不进入确定风格主表。,保留在附表,不是严格风格证据或仅为宽泛评价,来自参考PDF结构化抽取；需用 page 文本/PDF 复核后定稿。,
附表D｜非风格/品级目录保留,不入主表,BM-0184,06_宽口径未入高置信,比较,,敬元隶、行、草入妙。,200,page_200.txt,exact,辅助,checkpoint-final,保留为目录、品级、水平评价或背景材料，不进入确定风格主表。,保留在附表,不是严格风格证据或仅为宽泛评价,来自参考PDF结构化抽取；需用 page 文本/PDF 复核后定稿。,
附表D｜非风格/品级目录保留,不入主表,BM-0186,06_宽口径未入高置信,比较,草,敬元隶、行、草入妙。,200,page_200.txt,exact,辅助,checkpoint-final,保留为目录、品级、水平评价或背景材料，不进入确定风格主表。,保留在附表,不是严格风格证据或仅为宽泛评价,来自参考PDF结构化抽取；需用 page 文本/PDF 复核后定稿。,
附表D｜非风格/品级目录保留,不入主表,BM-0187,06_宽口径未入高置信,薄绍之,隶,敬叔隶、行、草入妙。,200,page_200.txt,exact,辅助,checkpoint-final,保留为目录、品级、水平评价或背景材料，不进入确定风格主表。,保留在附表,不是严格风格证据或仅为宽泛评价,来自参考PDF结构化抽取；需用 page 文本/PDF 复核后定稿。,
附表D｜非风格/品级目录保留,不入主表,BM-0191,06_宽口径未入高置信,比较,,敬叔隶、行、草入妙。,200,page_200.txt,exact,辅助,checkpoint-final,保留为目录、品级、水平评价或背景材料，不进入确定风格主表。,保留在附表,不是严格风格证据或仅为宽泛评价,来自参考PDF结构化抽取；需用 page 文本/PDF 复核后定稿。,
附表D｜非风格/品级目录保留,不入主表,BM-0193,06_宽口径未入高置信,比较,,敬叔隶、行、草入妙。,200,page_200.txt,exact,辅助,checkpoint-final,保留为目录、品级、水平评价或背景材料，不进入确定风格主表。,保留在附表,不是严格风格证据或仅为宽泛评价,来自参考PDF结构化抽取；需用 page 文本/PDF 复核后定稿。,
附表D｜非风格/品级目录保留,不入主表,BM-0297,06_宽口径未入高置信,宋文帝（刘义隆）,隶,善隶书，次及行草，规模大令，自谓不减于师，虽庶几德音，引领长望，尚辽远矣。,200,page_200.txt,exact,辅助,checkpoint-final,保留为目录、品级、水平评价或背景材料，不进入确定风格主表。,保留在附表,不是严格风格证据或仅为宽泛评价,来自参考PDF结构化抽取；需用 page 文本/PDF 复核后定稿。,
附表D｜非风格/品级目录保留,不入主表,BM-0299,06_宽口径未入高置信,水平评价,,帝隶书入妙，行书入能。,200,page_200.txt,exact,辅助,checkpoint-final,保留为目录、品级、水平评价或背景材料，不进入确定风格主表。,保留在附表,不是严格风格证据或仅为宽泛评价,来自参考PDF结构化抽取；需用 page 文本/PDF 复核后定稿。,
附表D｜非风格/品级目录保留,不入主表,BM-0300,06_宽口径未入高置信,水平评价,行,善隶书，次及行草，规模大令，自谓不减于师，虽庶几德音，引领长望，尚辽远矣。,200,page_200.txt,exact,辅助,checkpoint-final,保留为目录、品级、水平评价或背景材料，不进入确定风格主表。,保留在附表,不是严格风格证据或仅为宽泛评价,来自参考PDF结构化抽取；需用 page 文本/PDF 复核后定稿。,
附表D｜非风格/品级目录保留,不入主表,BM-0301,06_宽口径未入高置信,水平评价,,帝隶书入妙，行书入能。,200,page_200.txt,exact,辅助,checkpoint-final,保留为目录、品级、水平评价或背景材料，不进入确定风格主表。,保留在附表,不是严格风格证据或仅为宽泛评价,来自参考PDF结构化抽取；需用 page 文本/PDF 复核后定稿。,
附表D｜非风格/品级目录保留,不入主表,BM-0302,06_宽口径未入高置信,水平评价,草,善隶书，次及行草，规模大令，自谓不减于师，虽庶几德音，引领长望，尚辽远矣。,200,page_200.txt,exact,辅助,checkpoint-final,保留为目录、品级、水平评价或背景材料，不进入确定风格主表。,保留在附表,不是严格风格证据或仅为宽泛评价,来自参考PDF结构化抽取；需用 page 文本/PDF 复核后定稿。,
附表D｜非风格/品级目录保留,不入主表,BM-0172,06_宽口径未入高置信,王僧虔,隶,僧虔隶、行入妙，草入能。一云：隶、行草入妙。,201,page_201.txt,exact,辅助,checkpoint-final,保留为目录、品级、水平评价或背景材料，不进入确定风格主表。,保留在附表,不是严格风格证据或仅为宽泛评价,来自参考PDF结构化抽取；需用 page 文本/PDF 复核后定稿。,
附表D｜非风格/品级目录保留,不入主表,BM-0173,06_宽口径未入高置信,王僧虔,行,宋文帝见其书素扇，叹曰：「非唯迹逾子敬，方当器雅过之。」,201,page_201.txt,exact,辅助,checkpoint-final,保留为目录、品级、水平评价或背景材料，不进入确定风格主表。,保留在附表,不是严格风格证据或仅为宽泛评价,来自参考PDF结构化抽取；需用 page 文本/PDF 复核后定稿。,
附表D｜非风格/品级目录保留,不入主表,BM-0175,06_宽口径未入高置信,水平评价,,僧虔隶、行入妙，草入能。一云：隶、行草入妙。,201,page_201.txt,exact,辅助,checkpoint-final,保留为目录、品级、水平评价或背景材料，不进入确定风格主表。,保留在附表,不是严格风格证据或仅为宽泛评价,来自参考PDF结构化抽取；需用 page 文本/PDF 复核后定稿。,
附表D｜非风格/品级目录保留,不入主表,BM-0177,06_宽口径未入高置信,水平评价,草,僧虔隶、行入妙，草入能。一云：隶、行草入妙。,201,page_201.txt,exact,辅助,checkpoint-final,保留为目录、品级、水平评价或背景材料，不进入确定风格主表。,保留在附表,不是严格风格证据或仅为宽泛评价,来自参考PDF结构化抽取；需用 page 文本/PDF 复核后定稿。,
附表D｜非风格/品级目录保留,不入主表,BM-0194,06_宽口径未入高置信,谢灵运,隶,隶、草入妙。,201,page_201.txt,exact,辅助,checkpoint-final,保留为目录、品级、水平评价或背景材料，不进入确定风格主表。,保留在附表,不是严格风格证据或仅为宽泛评价,来自参考PDF结构化抽取；需用 page 文本/PDF 复核后定稿。,
附表D｜非风格/品级目录保留,不入主表,BM-0195,06_宽口径未入高置信,谢灵运,楷,模宪小王，真草俱美。,201,page_201.txt,exact,辅助,checkpoint-final,保留为目录、品级、水平评价或背景材料，不进入确定风格主表。,保留在附表,不是严格风格证据或仅为宽泛评价,来自参考PDF结构化抽取；需用 page 文本/PDF 复核后定稿。,
附表D｜非风格/品级目录保留,不入主表,BM-0198,06_宽口径未入高置信,比较,草,模宪小王，真草俱美。,201,page_201.txt,exact,辅助,checkpoint-final,保留为目录、品级、水平评价或背景材料，不进入确定风格主表。,保留在附表,不是严格风格证据或仅为宽泛评价,来自参考PDF结构化抽取；需用 page 文本/PDF 复核后定稿。,
附表D｜非风格/品级目录保留,不入主表,BM-0200,06_宽口径未入高置信,比较,,隶、草入妙。,201,page_201.txt,exact,辅助,checkpoint-final,保留为目录、品级、水平评价或背景材料，不进入确定风格主表。,保留在附表,不是严格风格证据或仅为宽泛评价,来自参考PDF结构化抽取；需用 page 文本/PDF 复核后定稿。,
附表D｜非风格/品级目录保留,不入主表,BM-0305,06_宽口径未入高置信,孔琳之,行,行、草入妙。,201,page_201.txt,exact,辅助,checkpoint-final,保留为目录、品级、水平评价或背景材料，不进入确定风格主表。,保留在附表,不是严格风格证据或仅为宽泛评价,来自参考PDF结构化抽取；需用 page 文本/PDF 复核后定稿。,
附表D｜非风格/品级目录保留,不入主表,BM-0307,06_宽口径未入高置信,孔琳之,草,时称曰：「羊真孔草。」又以纵快比于桓玄。,201,page_201.txt,exact,辅助,checkpoint-final,保留为目录、品级、水平评价或背景材料，不进入确定风格主表。,保留在附表,不是严格风格证据或仅为宽泛评价,来自参考PDF结构化抽取；需用 page 文本/PDF 复核后定稿。,
附表D｜非风格/品级目录保留,不入主表,BM-0309,06_宽口径未入高置信,水平评价,,行、草入妙。,201,page_201.txt,exact,辅助,checkpoint-final,保留为目录、品级、水平评价或背景材料，不进入确定风格主表。,保留在附表,不是严格风格证据或仅为宽泛评价,来自参考PDF结构化抽取；需用 page 文本/PDF 复核后定稿。,
附表D｜非风格/品级目录保留,不入主表,BM-0233,06_宽口径未入高置信,萧子云,篆,景乔隶书、飞白入妙，小篆、行草、章、行入能。,202,page_202.txt,exact,辅助,checkpoint-final,保留为目录、品级、水平评价或背景材料，不进入确定风格主表。,保留在附表,不是严格风格证据或仅为宽泛评价,来自参考PDF结构化抽取；需用 page 文本/PDF 复核后定稿。,
附表D｜非风格/品级目录保留,不入主表,BM-0234,06_宽口径未入高置信,萧子云,隶,景乔隶书、飞白入妙，小篆、行草、章、行入能。,202,page_202.txt,exact,辅助,checkpoint-final,保留为目录、品级、水平评价或背景材料，不进入确定风格主表。,保留在附表,不是严格风格证据或仅为宽泛评价,来自参考PDF结构化抽取；需用 page 文本/PDF 复核后定稿。,
附表D｜非风格/品级目录保留,不入主表,BM-0237,06_宽口径未入高置信,水平评价,,景乔隶书、飞白入妙，小篆、行草、章、行入能。,202,page_202.txt,exact,辅助,checkpoint-final,保留为目录、品级、水平评价或背景材料，不进入确定风格主表。,保留在附表,不是严格风格证据或仅为宽泛评价,来自参考PDF结构化抽取；需用 page 文本/PDF 复核后定稿。,
附表D｜非风格/品级目录保留,不入主表,BM-0238,06_宽口径未入高置信,水平评价,草,景乔隶书、飞白入妙，小篆、行草、章、行入能。,202,page_202.txt,exact,辅助,checkpoint-final,保留为目录、品级、水平评价或背景材料，不进入确定风格主表。,保留在附表,不是严格风格证据或仅为宽泛评价,来自参考PDF结构化抽取；需用 page 文本/PDF 复核后定稿。,
附表D｜非风格/品级目录保留,不入主表,BM-0245,06_宽口径未入高置信,比喻,草,庾肩吾云：阮研居今观古，窥众妙之门，虽师王祖懽，终成别构一法矣。,202,page_202.txt,exact,辅助,checkpoint-final,保留为目录、品级、水平评价或背景材料，不进入确定风格主表。,保留在附表,不是严格风格证据或仅为宽泛评价,来自参考PDF结构化抽取；需用 page 文本/PDF 复核后定稿。,
附表D｜非风格/品级目录保留,不入主表,BM-0208,06_宽口径未入高置信,水平评价,,飞白、隶、行、草入妙，大小篆、章草入能。,203,page_203.txt,exact,辅助,checkpoint-final,保留为目录、品级、水平评价或背景材料，不进入确定风格主表。,保留在附表,不是严格风格证据或仅为宽泛评价,来自参考PDF结构化抽取；需用 page 文本/PDF 复核后定稿。,
附表D｜非风格/品级目录保留,不入主表,BM-0209,06_宽口径未入高置信,水平评价,隶,飞白、隶、行、草入妙，大小篆、章草入能。,203,page_203.txt,exact,辅助,checkpoint-final,保留为目录、品级、水平评价或背景材料，不进入确定风格主表。,保留在附表,不是严格风格证据或仅为宽泛评价,来自参考PDF结构化抽取；需用 page 文本/PDF 复核后定稿。,
附表D｜非风格/品级目录保留,不入主表,BM-0212,06_宽口径未入高置信,水平评价,行,飞白、隶、行、草入妙，大小篆、章草入能。,203,page_203.txt,exact,辅助,checkpoint-final,保留为目录、品级、水平评价或背景材料，不进入确定风格主表。,保留在附表,不是严格风格证据或仅为宽泛评价,来自参考PDF结构化抽取；需用 page 文本/PDF 复核后定稿。,
附表D｜非风格/品级目录保留,不入主表,BM-0215,06_宽口径未入高置信,水平评价,草,飞白、隶、行、草入妙，大小篆、章草入能。,203,page_203.txt,exact,辅助,checkpoint-final,保留为目录、品级、水平评价或背景材料，不进入确定风格主表。,保留在附表,不是严格风格证据或仅为宽泛评价,来自参考PDF结构化抽取；需用 page 文本/PDF 复核后定稿。,
附表D｜非风格/品级目录保留,不入主表,BM-0221,06_宽口径未入高置信,智永,隶,智永章草、草书入妙，隶入能。,203,page_203.txt,exact,辅助,checkpoint-final,保留为目录、品级、水平评价或背景材料，不进入确定风格主表。,保留在附表,不是严格风格证据或仅为宽泛评价,来自参考PDF结构化抽取；需用 page 文本/PDF 复核后定稿。,
附表D｜非风格/品级目录保留,不入主表,BM-0224,06_宽口径未入高置信,智永,草,兼能诸体，于草最优，气调下于欧、虞，精熟过于羊薄。,203,page_203.txt,exact,辅助,checkpoint-final,保留为目录、品级、水平评价或背景材料，不进入确定风格主表。,保留在附表,不是严格风格证据或仅为宽泛评价,来自参考PDF结构化抽取；需用 page 文本/PDF 复核后定稿。,
附表D｜非风格/品级目录保留,不入主表,BM-0225,06_宽口径未入高置信,水平评价,,智永章草、草书入妙，隶入能。,203,page_203.txt,exact,辅助,checkpoint-final,保留为目录、品级、水平评价或背景材料，不进入确定风格主表。,保留在附表,不是严格风格证据或仅为宽泛评价,来自参考PDF结构化抽取；需用 page 文本/PDF 复核后定稿。,
附表D｜非风格/品级目录保留,不入主表,BM-0240,06_宽口径未入高置信,比较,,行草入妙，隶入能。,203,page_203.txt,exact,辅助,checkpoint-final,保留为目录、品级、水平评价或背景材料，不进入确定风格主表。,保留在附表,不是严格风格证据或仅为宽泛评价,来自参考PDF结构化抽取；需用 page 文本/PDF 复核后定稿。,
附表D｜非风格/品级目录保留,不入主表,BM-0243,06_宽口径未入高置信,比喻,,行草入妙，隶入能。,203,page_203.txt,exact,辅助,checkpoint-final,保留为目录、品级、水平评价或背景材料，不进入确定风格主表。,保留在附表,不是严格风格证据或仅为宽泛评价,来自参考PDF结构化抽取；需用 page 文本/PDF 复核后定稿。,
附表D｜非风格/品级目录保留,不入主表,BM-0246,06_宽口径未入高置信,比较,,行草入妙，隶入能。,203,page_203.txt,exact,辅助,checkpoint-final,保留为目录、品级、水平评价或背景材料，不进入确定风格主表。,保留在附表,不是严格风格证据或仅为宽泛评价,来自参考PDF结构化抽取；需用 page 文本/PDF 复核后定稿。,
附表D｜非风格/品级目录保留,不入主表,BM-0201,06_宽口径未入高置信,虞世南,隶,伯施隶、行书入妙。,204,page_204.txt,exact,辅助,checkpoint-final,保留为目录、品级、水平评价或背景材料，不进入确定风格主表。,保留在附表,不是严格风格证据或仅为宽泛评价,来自参考PDF结构化抽取；需用 page 文本/PDF 复核后定稿。,
附表D｜非风格/品级目录保留,不入主表,BM-0204,06_宽口径未入高置信,虞世南,行,伯施隶、行书入妙。,204,page_204.txt,exact,辅助,checkpoint-final,保留为目录、品级、水平评价或背景材料，不进入确定风格主表。,保留在附表,不是严格风格证据或仅为宽泛评价,来自参考PDF结构化抽取；需用 page 文本/PDF 复核后定稿。,
附表D｜非风格/品级目录保留,不入主表,BM-0216,06_宽口径未入高置信,褚遂良,隶,遂良隶、行入妙。,204,page_204.txt,exact,辅助,checkpoint-final,保留为目录、品级、水平评价或背景材料，不进入确定风格主表。,保留在附表,不是严格风格证据或仅为宽泛评价,来自参考PDF结构化抽取；需用 page 文本/PDF 复核后定稿。,
附表D｜非风格/品级目录保留,不入主表,BM-0218,06_宽口径未入高置信,褚遂良,行,其行草之间，即居二公之后。,204,page_204.txt,exact,辅助,checkpoint-final,保留为目录、品级、水平评价或背景材料，不进入确定风格主表。,保留在附表,不是严格风格证据或仅为宽泛评价,来自参考PDF结构化抽取；需用 page 文本/PDF 复核后定稿。,
附表D｜非风格/品级目录保留,不入主表,BM-0219,06_宽口径未入高置信,水平评价,,遂良隶、行入妙。,204,page_204.txt,exact,辅助,checkpoint-final,保留为目录、品级、水平评价或背景材料，不进入确定风格主表。,保留在附表,不是严格风格证据或仅为宽泛评价,来自参考PDF结构化抽取；需用 page 文本/PDF 复核后定稿。,
附表D｜非风格/品级目录保留,不入主表,BM-0220,06_宽口径未入高置信,水平评价,草,其行草之间，即居二公之后。,204,page_204.txt,exact,辅助,checkpoint-final,保留为目录、品级、水平评价或背景材料，不进入确定风格主表。,保留在附表,不是严格风格证据或仅为宽泛评价,来自参考PDF结构化抽取；需用 page 文本/PDF 复核后定稿。,
附表D｜非风格/品级目录保留,不入主表,BM-0227,06_宽口径未入高置信,陆柬之,隶,隶行入妙，章草书入能。,205,page_205.txt,exact,辅助,checkpoint-final,保留为目录、品级、水平评价或背景材料，不进入确定风格主表。,保留在附表,不是严格风格证据或仅为宽泛评价,来自参考PDF结构化抽取；需用 page 文本/PDF 复核后定稿。,
附表D｜非风格/品级目录保留,不入主表,BM-0229,06_宽口径未入高置信,陆柬之,行,然工于做效，劣于独断，以此为少也。,205,page_205.txt,exact,辅助,checkpoint-final,保留为目录、品级、水平评价或背景材料，不进入确定风格主表。,保留在附表,不是严格风格证据或仅为宽泛评价,来自参考PDF结构化抽取；需用 page 文本/PDF 复核后定稿。,
附表D｜非风格/品级目录保留,不入主表,BM-0230,06_宽口径未入高置信,水平评价,,隶行入妙，章草书入能。,205,page_205.txt,exact,辅助,checkpoint-final,保留为目录、品级、水平评价或背景材料，不进入确定风格主表。,保留在附表,不是严格风格证据或仅为宽泛评价,来自参考PDF结构化抽取；需用 page 文本/PDF 复核后定稿。,
附表D｜非风格/品级目录保留,不入主表,BM-0231,06_宽口径未入高置信,水平评价,草,隶行入妙，章草书入能。,205,page_205.txt,exact,辅助,checkpoint-final,保留为目录、品级、水平评价或背景材料，不进入确定风格主表。,保留在附表,不是严格风格证据或仅为宽泛评价,来自参考PDF结构化抽取；需用 page 文本/PDF 复核后定稿。,
附表D｜非风格/品级目录保留,不入主表,BM-0315,06_宽口径未入高置信,张敞,篆,汉张敞字子高，河东平阳人。官至京兆尹。善古文，传之子吉，吉传之杜邺，杜邺传其子林。,205,page_205.txt,exact,辅助,checkpoint-final,保留为目录、品级、水平评价或背景材料，不进入确定风格主表。,保留在附表,不是严格风格证据或仅为宽泛评价,来自参考PDF结构化抽取；需用 page 文本/PDF 复核后定稿。,
附表D｜非风格/品级目录保留,不入主表,BM-0317,06_宽口径未入高置信,严延年,篆,严延年字次卿，东海人。河南太守。雅工《史书》，规模赵高，时称其妙。,205,page_205.txt,exact,辅助,checkpoint-final,保留为目录、品级、水平评价或背景材料，不进入确定风格主表。,保留在附表,不是严格风格证据或仅为宽泛评价,来自参考PDF结构化抽取；需用 page 文本/PDF 复核后定稿。,
附表D｜非风格/品级目录保留,不入主表,BM-0318,06_宽口径未入高置信,班固,篆,后汉班固字孟坚，扶风安陵人。官至中郎将。工篆，李斯、曹喜之法，悉能究之。,205,page_205.txt,exact,辅助,checkpoint-final,保留为目录、品级、水平评价或背景材料，不进入确定风格主表。,保留在附表,不是严格风格证据或仅为宽泛评价,来自参考PDF结构化抽取；需用 page 文本/PDF 复核后定稿。,
附表D｜非风格/品级目录保留,不入主表,BM-0319,06_宽口径未入高置信,比较,,大小篆入能。,206,page_206.txt,exact,辅助,checkpoint-final,保留为目录、品级、水平评价或背景材料，不进入确定风格主表。,保留在附表,不是严格风格证据或仅为宽泛评价,来自参考PDF结构化抽取；需用 page 文本/PDF 复核后定稿。,
附表D｜非风格/品级目录保留,不入主表,BM-0320,06_宽口径未入高置信,许慎,篆,许慎字叔仲，汝南召陵人。官至太尉南阁祭酒。少好古学，喜正文字，尤善小篆，师模李斯，甚得其妙。,206,page_206.txt,exact,辅助,checkpoint-final,保留为目录、品级、水平评价或背景材料，不进入确定风格主表。,保留在附表,不是严格风格证据或仅为宽泛评价,来自参考PDF结构化抽取；需用 page 文本/PDF 复核后定稿。,
附表D｜非风格/品级目录保留,不入主表,BM-0321,06_宽口径未入高置信,吕忱,篆,晋吕忱字伯雍。博识文字，撰《字林》五篇，万二千八百馀字。《字林》则《说文》之流。小篆之工，亦叔仲之亚也。,206,page_206.txt,exact,辅助,checkpoint-final,保留为目录、品级、水平评价或背景材料，不进入确定风格主表。,保留在附表,不是严格风格证据或仅为宽泛评价,来自参考PDF结构化抽取；需用 page 文本/PDF 复核后定稿。,
附表D｜非风格/品级目录保留,不入主表,BM-0322,06_宽口径未入高置信,张纮,篆,子綱字子綱，廣陵人。善小篆，官至侍御史，年六十卒。,207,page_207.txt,exact,辅助,checkpoint-final,保留为目录、品级、水平评价或背景材料，不进入确定风格主表。,保留在附表,不是严格风格证据或仅为宽泛评价,来自参考PDF结构化抽取；需用 page 文本/PDF 复核后定稿。,
附表D｜非风格/品级目录保留,不入主表,BM-0327,06_宽口径未入高置信,罗晖,草,張伯英自謂方之有餘，《與太僕朱賜書》云：「上比崔、杜不足，下方羅、趙有餘。」,207,page_207.txt,compact,辅助,checkpoint-final,保留为目录、品级、水平评价或背景材料，不进入确定风格主表。,保留在附表,不是严格风格证据或仅为宽泛评价,来自参考PDF结构化抽取；需用 page 文本/PDF 复核后定稿。,
附表D｜非风格/品级目录保留,不入主表,BM-0328,06_宽口径未入高置信,赵袭,草,趙襲字元嗣，京兆長安人。為燉煌太守。與羅暉並以能草見重關西，而矜巧自與，眾頗惑之，與張芝素相親善。,207,page_207.txt,compact,辅助,checkpoint-final,保留为目录、品级、水平评价或背景材料，不进入确定风格主表。,保留在附表,不是严格风格证据或仅为宽泛评价,来自参考PDF结构化抽取；需用 page 文本/PDF 复核后定稿。,
附表D｜非风格/品级目录保留,不入主表,BM-0329,06_宽口径未入高置信,张越,草,燉煌有張越，仕至梁州刺史，亦善草書。,207,page_207.txt,exact,辅助,checkpoint-final,保留为目录、品级、水平评价或背景材料，不进入确定风格主表。,保留在附表,不是严格风格证据或仅为宽泛评价,来自参考PDF结构化抽取；需用 page 文本/PDF 复核后定稿。,
附表D｜非风格/品级目录保留,不入主表,BM-0330,06_宽口径未入高置信,左伯,隶,左伯字子邑，東萊人。特工八分，名與毛弘等列，小異於邯鄲淳，亦擅名漢末。,207,page_207.txt,exact,辅助,checkpoint-final,保留为目录、品级、水平评价或背景材料，不进入确定风格主表。,保留在附表,不是严格风格证据或仅为宽泛评价,来自参考PDF结构化抽取；需用 page 文本/PDF 复核后定稿。,
附表D｜非风格/品级目录保留,不入主表,BM-0331,06_宽口径未入高置信,毛弘,隶,毛弘字大雅，河南武陽人。服膺梁鵠，研精八分，亦成一家法。,207,page_207.txt,exact,辅助,checkpoint-final,保留为目录、品级、水平评价或背景材料，不进入确定风格主表。,保留在附表,不是严格风格证据或仅为宽泛评价,来自参考PDF结构化抽取；需用 page 文本/PDF 复核后定稿。,
附表D｜非风格/品级目录保留,不入主表,BM-0333,06_宽口径未入高置信,水平评价,,伯儒尝写淳《古文尚书》，还以示淳，淳不能别。,208,page_208.txt,exact,辅助,checkpoint-final,保留为目录、品级、水平评价或背景材料，不进入确定风格主表。,保留在附表,不是严格风格证据或仅为宽泛评价,来自参考PDF结构化抽取；需用 page 文本/PDF 复核后定稿。,
附表D｜非风格/品级目录保留,不入主表,BM-0334,06_宽口径未入高置信,水平评价,,伯儒古文、小篆、隶书、章草并入能，子孙皆妙于书。,208,page_208.txt,exact,辅助,checkpoint-final,保留为目录、品级、水平评价或背景材料，不进入确定风格主表。,保留在附表,不是严格风格证据或仅为宽泛评价,来自参考PDF结构化抽取；需用 page 文本/PDF 复核后定稿。,
附表D｜非风格/品级目录保留,不入主表,BM-0336,06_宽口径未入高置信,水平评价,,伯儒古文、小篆、隶书、章草并入能，子孙皆妙于书。,208,page_208.txt,exact,辅助,checkpoint-final,保留为目录、品级、水平评价或背景材料，不进入确定风格主表。,保留在附表,不是严格风格证据或仅为宽泛评价,来自参考PDF结构化抽取；需用 page 文本/PDF 复核后定稿。,
附表D｜非风格/品级目录保留,不入主表,BM-0338,06_宽口径未入高置信,笔力,,伯儒古文、小篆、隶书、章草并入能，子孙皆妙于书。,208,page_208.txt,exact,辅助,checkpoint-final,保留为目录、品级、水平评价或背景材料，不进入确定风格主表。,保留在附表,不是严格风格证据或仅为宽泛评价,来自参考PDF结构化抽取；需用 page 文本/PDF 复核后定稿。,
附表D｜非风格/品级目录保留,不入主表,BM-0339,06_宽口径未入高置信,何曾,草,晋何曾字颖孝，陈郡阳夏人。官至太保。咸宁四年卒，年八十余。工于藁草，时人珍之也。,208,page_208.txt,exact,辅助,checkpoint-final,保留为目录、品级、水平评价或背景材料，不进入确定风格主表。,保留在附表,不是严格风格证据或仅为宽泛评价,来自参考PDF结构化抽取；需用 page 文本/PDF 复核后定稿。,
附表D｜非风格/品级目录保留,不入主表,BM-0340,06_宽口径未入高置信,傅玄,篆,善于篆、隶，见重时人，云得锺、胡之法。,208,page_208.txt,exact,辅助,checkpoint-final,保留为目录、品级、水平评价或背景材料，不进入确定风格主表。,保留在附表,不是严格风格证据或仅为宽泛评价,来自参考PDF结构化抽取；需用 page 文本/PDF 复核后定稿。,
附表D｜非风格/品级目录保留,不入主表,BM-0341,06_宽口径未入高置信,比较,,休奕小篆，隶书入能。,208,page_208.txt,exact,辅助,checkpoint-final,保留为目录、品级、水平评价或背景材料，不进入确定风格主表。,保留在附表,不是严格风格证据或仅为宽泛评价,来自参考PDF结构化抽取；需用 page 文本/PDF 复核后定稿。,
附表D｜非风格/品级目录保留,不入主表,BM-0342,06_宽口径未入高置信,傅玄,隶,善于篆、隶，见重时人，云得锺、胡之法。,208,page_208.txt,exact,辅助,checkpoint-final,保留为目录、品级、水平评价或背景材料，不进入确定风格主表。,保留在附表,不是严格风格证据或仅为宽泛评价,来自参考PDF结构化抽取；需用 page 文本/PDF 复核后定稿。,
附表D｜非风格/品级目录保留,不入主表,BM-0343,06_宽口径未入高置信,比较,,休奕小篆，隶书入能。,208,page_208.txt,exact,辅助,checkpoint-final,保留为目录、品级、水平评价或背景材料，不进入确定风格主表。,保留在附表,不是严格风格证据或仅为宽泛评价,来自参考PDF结构化抽取；需用 page 文本/PDF 复核后定稿。,
附表D｜非风格/品级目录保留,不入主表,BM-0344,06_宽口径未入高置信,王允之,隶,时王允之善草、隶，官至卫将军。,208,page_208.txt,exact,辅助,checkpoint-final,保留为目录、品级、水平评价或背景材料，不进入确定风格主表。,保留在附表,不是严格风格证据或仅为宽泛评价,来自参考PDF结构化抽取；需用 page 文本/PDF 复核后定稿。,
附表D｜非风格/品级目录保留,不入主表,BM-0346,06_宽口径未入高置信,王允之,草,时王允之善草、隶，官至卫将军。,208,page_208.txt,exact,辅助,checkpoint-final,保留为目录、品级、水平评价或背景材料，不进入确定风格主表。,保留在附表,不是严格风格证据或仅为宽泛评价,来自参考PDF结构化抽取；需用 page 文本/PDF 复核后定稿。,
附表D｜非风格/品级目录保留,不入主表,BM-0347,06_宽口径未入高置信,张嘉,隶,又张嘉善隶书，羊欣云：「嘉师于锺氏，胜王羲之在临川也。」,208,page_208.txt,exact,辅助,checkpoint-final,保留为目录、品级、水平评价或背景材料，不进入确定风格主表。,保留在附表,不是严格风格证据或仅为宽泛评价,来自参考PDF结构化抽取；需用 page 文本/PDF 复核后定稿。,
附表D｜非风格/品级目录保留,不入主表,BM-0348,06_宽口径未入高置信,刘绍,篆,刘绍字彦祖，彭城人，官至御史中丞，迁侍中。善小篆，工飞白，虽不及张、毛，亦一时之秀，作飞白势。,208,page_208.txt,exact,辅助,checkpoint-final,保留为目录、品级、水平评价或背景材料，不进入确定风格主表。,保留在附表,不是严格风格证据或仅为宽泛评价,来自参考PDF结构化抽取；需用 page 文本/PDF 复核后定稿。,
附表D｜非风格/品级目录保留,不入主表,BM-0349,06_宽口径未入高置信,比较,,小篆、飞白入能。,208,page_208.txt,exact,辅助,checkpoint-final,保留为目录、品级、水平评价或背景材料，不进入确定风格主表。,保留在附表,不是严格风格证据或仅为宽泛评价,来自参考PDF结构化抽取；需用 page 文本/PDF 复核后定稿。,
附表D｜非风格/品级目录保留,不入主表,BM-0350,06_宽口径未入高置信,杨肇,隶,杨肇字季初，荥阳苑陵人。官至折冲将军荆州刺史。工于草隶。,208,page_208.txt,exact,辅助,checkpoint-final,保留为目录、品级、水平评价或背景材料，不进入确定风格主表。,保留在附表,不是严格风格证据或仅为宽泛评价,来自参考PDF结构化抽取；需用 page 文本/PDF 复核后定稿。,
附表D｜非风格/品级目录保留,不入主表,BM-0352,06_宽口径未入高置信,杨肇,隶,季初隶、草入能。,208,page_208.txt,exact,辅助,checkpoint-final,保留为目录、品级、水平评价或背景材料，不进入确定风格主表。,保留在附表,不是严格风格证据或仅为宽泛评价,来自参考PDF结构化抽取；需用 page 文本/PDF 复核后定稿。,
附表D｜非风格/品级目录保留,不入主表,BM-0353,06_宽口径未入高置信,杨肇,草,杨肇字季初，荥阳苑陵人。官至折冲将军荆州刺史。工于草隶。,208,page_208.txt,exact,辅助,checkpoint-final,保留为目录、品级、水平评价或背景材料，不进入确定风格主表。,保留在附表,不是严格风格证据或仅为宽泛评价,来自参考PDF结构化抽取；需用 page 文本/PDF 复核后定稿。,
附表D｜非风格/品级目录保留,不入主表,BM-0355,06_宽口径未入高置信,杨肇,草,季初隶、草入能。,208,page_208.txt,exact,辅助,checkpoint-final,保留为目录、品级、水平评价或背景材料，不进入确定风格主表。,保留在附表,不是严格风格证据或仅为宽泛评价,来自参考PDF结构化抽取；需用 page 文本/PDF 复核后定稿。,
附表E｜来源/OCR待校验,来源待校验,BM-0356,07_优先补入候选,萧思话,草,前品云「萧思话如舞女回腰，仙人啸树」，则亦日佳矣。,154,page_154.txt,miss,待校验,checkpoint-ocr; checkpoint-source,先核对 page 文本/PDF 页图；未命中前不得定稿。,暂不入主表,原文摘录未能稳定命中页文本,来自参考PDF结构化抽取；需用 page 文本/PDF 复核后定稿。,
附表E｜来源/OCR待校验,来源待校验,BM-0039,06_宽口径未入高置信,水平评价,草,章草：子玉第一 伯英第二 幼安第三 伯玉第四 逸少第五 士季第六 子敬第七休明第八。,159,page_159.txt,miss,待校验,checkpoint-ocr; checkpoint-source,先核对 page 文本/PDF 页图；未命中前不得定稿。,暂不入主表,原文摘录未能稳定命中页文本,来自参考PDF结构化抽取；需用 page 文本/PDF 复核后定稿。,
附表E｜来源/OCR待校验,来源待校验,BM-0049,06_宽口径未入高置信,水平评价,草,章草：子玉第一 伯英第二 幼安第三 伯玉第四 逸少第五 士季第六 子敬第七休明第八。,159,page_159.txt,miss,待校验,checkpoint-ocr; checkpoint-source,先核对 page 文本/PDF 页图；未命中前不得定稿。,暂不入主表,原文摘录未能稳定命中页文本,来自参考PDF结构化抽取；需用 page 文本/PDF 复核后定稿。,
附表E｜来源/OCR待校验,来源待校验,BM-0050,06_宽口径未入高置信,水平评价,草,草书：伯英第一 叔夜第二 子敬第三 处冲第四 世将第五 仲将第六 士季第七逸少第八。,159,page_159.txt,miss,待校验,checkpoint-ocr; checkpoint-source,先核对 page 文本/PDF 页图；未命中前不得定稿。,暂不入主表,原文摘录未能稳定命中页文本,来自参考PDF结构化抽取；需用 page 文本/PDF 复核后定稿。,
附表E｜来源/OCR待校验,来源待校验,BM-0071,06_宽口径未入高置信,品级,草,章草：子玉第一 伯英第二 幼安第三 伯玉第四 逸少第五 士季第六 子敬第七休明第八。,159,page_159.txt,miss,待校验,checkpoint-ocr; checkpoint-source,先核对 page 文本/PDF 页图；未命中前不得定稿。,暂不入主表,原文摘录未能稳定命中页文本,来自参考PDF结构化抽取；需用 page 文本/PDF 复核后定稿。,
附表E｜来源/OCR待校验,来源待校验,BM-0082,06_宽口径未入高置信,水平评价,草,章草：子玉第一 伯英第二 幼安第三 伯玉第四 逸少第五 士季第六 子敬第七休明第八。,159,page_159.txt,miss,待校验,checkpoint-ocr; checkpoint-source,先核对 page 文本/PDF 页图；未命中前不得定稿。,暂不入主表,原文摘录未能稳定命中页文本,来自参考PDF结构化抽取；需用 page 文本/PDF 复核后定稿。,
附表E｜来源/OCR待校验,来源待校验,BM-0090,06_宽口径未入高置信,皇象（休明）,草,章草：子玉第一 伯英第二 幼安第三 伯玉第四 逸少第五 士季第六 子敬第七休明第八。,159,page_159.txt,miss,待校验,checkpoint-ocr; checkpoint-source,先核对 page 文本/PDF 页图；未命中前不得定稿。,暂不入主表,原文摘录未能稳定命中页文本,来自参考PDF结构化抽取；需用 page 文本/PDF 复核后定稿。,
附表E｜来源/OCR待校验,来源待校验,BM-0108,06_宽口径未入高置信,锺会（士季）,草,章草：子玉第一 伯英第二 幼安第三 伯玉第四 逸少第五 士季第六 子敬第七休明第八。,159,page_159.txt,miss,待校验,checkpoint-ocr; checkpoint-source,先核对 page 文本/PDF 页图；未命中前不得定稿。,暂不入主表,原文摘录未能稳定命中页文本,来自参考PDF结构化抽取；需用 page 文本/PDF 复核后定稿。,
附表E｜来源/OCR待校验,来源待校验,BM-0109,06_宽口径未入高置信,锺会（士季）,草,草书：伯英第一 叔夜第二 子敬第三 处冲第四 世将第五 仲将第六 士季第七逸少第八。,159,page_159.txt,miss,待校验,checkpoint-ocr; checkpoint-source,先核对 page 文本/PDF 页图；未命中前不得定稿。,暂不入主表,原文摘录未能稳定命中页文本,来自参考PDF结构化抽取；需用 page 文本/PDF 复核后定稿。,
附表E｜来源/OCR待校验,来源待校验,BM-0128,06_宽口径未入高置信,风神,草,章草：子玉第一 伯英第二 幼安第三 伯玉第四 逸少第五 士季第六 子敬第七休明第八。,159,page_159.txt,miss,待校验,checkpoint-ocr; checkpoint-source,先核对 page 文本/PDF 页图；未命中前不得定稿。,暂不入主表,原文摘录未能稳定命中页文本,来自参考PDF结构化抽取；需用 page 文本/PDF 复核后定稿。,
附表E｜来源/OCR待校验,来源待校验,BM-0129,06_宽口径未入高置信,风神,草,草书：伯英第一 叔夜第二 子敬第三 处冲第四 世将第五 仲将第六 士季第七逸少第八。,159,page_159.txt,miss,待校验,checkpoint-ocr; checkpoint-source,先核对 page 文本/PDF 页图；未命中前不得定稿。,暂不入主表,原文摘录未能稳定命中页文本,来自参考PDF结构化抽取；需用 page 文本/PDF 复核后定稿。,
附表E｜来源/OCR待校验,来源待校验,BM-0130,07_优先补入候选,风神,草,逸少则格律非高，功夫又少，虽圆丰妍美，乃乏神气，无戈戟铦锐可畏，无物象生动可奇，是以劣于诸子。得重名者，以真、行故也。,159,page_159.txt,partial,待校验,checkpoint-ocr; checkpoint-source,先核对 page 文本/PDF 页图；未命中前不得定稿。,暂不入主表,原文摘录未能稳定命中页文本,来自参考PDF结构化抽取；需用 page 文本/PDF 复核后定稿。,
附表E｜来源/OCR待校验,来源待校验,BM-0152,06_宽口径未入高置信,风神,草,章草：子玉第一 伯英第二 幼安第三 伯玉第四 逸少第五 士季第六 子敬第七休明第八。,159,page_159.txt,miss,待校验,checkpoint-ocr; checkpoint-source,先核对 page 文本/PDF 页图；未命中前不得定稿。,暂不入主表,原文摘录未能稳定命中页文本,来自参考PDF结构化抽取；需用 page 文本/PDF 复核后定稿。,
附表E｜来源/OCR待校验,来源待校验,BM-0153,06_宽口径未入高置信,风神,草,草书：伯英第一 叔夜第二 子敬第三 处冲第四 世将第五 仲将第六 士季第七逸少第八。,159,page_159.txt,miss,待校验,checkpoint-ocr; checkpoint-source,先核对 page 文本/PDF 页图；未命中前不得定稿。,暂不入主表,原文摘录未能稳定命中页文本,来自参考PDF结构化抽取；需用 page 文本/PDF 复核后定稿。,
附表E｜来源/OCR待校验,来源待校验,BM-0277,06_宽口径未入高置信,嵇康,草,草书：伯英第一 叔夜第二 子敬第三 处冲第四 世将第五 仲将第六 士季第七逸少第八。,159,page_159.txt,miss,待校验,checkpoint-ocr; checkpoint-source,先核对 page 文本/PDF 页图；未命中前不得定稿。,暂不入主表,原文摘录未能稳定命中页文本,来自参考PDF结构化抽取；需用 page 文本/PDF 复核后定稿。,
附表E｜来源/OCR待校验,来源待校验,BM-0283,06_宽口径未入高置信,比较,草,草书：伯英第一 叔夜第二 子敬第三 处冲第四 世将第五 仲将第六 士季第七逸少第八。,159,page_159.txt,miss,待校验,checkpoint-ocr; checkpoint-source,先核对 page 文本/PDF 页图；未命中前不得定稿。,暂不入主表,原文摘录未能稳定命中页文本,来自参考PDF结构化抽取；需用 page 文本/PDF 复核后定稿。,
附表E｜来源/OCR待校验,来源待校验,BM-0143,07_优先补入候选,比较,,无藉因循，宁拘制则；挺然秀出，务于简易；情驰神纵，超逸优游；临事制宜，从意适便。有若风行雨散，润色开花，笔法体势之中，最为风流者也。,160-161,page_160.txt,partial,待校验,checkpoint-ocr; checkpoint-source,先核对 page 文本/PDF 页图；未命中前不得定稿。,暂不入主表,原文摘录未能稳定命中页文本,来自参考PDF结构化抽取；需用 page 文本/PDF 复核后定稿。,
附表E｜来源/OCR待校验,来源待校验,BM-0180,06_宽口径未入高置信,比较,行,言惟子敬没后，羊、薄嗣之。宋、齐之间，此体弥尚，谢灵运尤为秀杰。近者虞世南亦工此。,161,page_161.txt,partial,待校验,checkpoint-ocr; checkpoint-source,先核对 page 文本/PDF 页图；未命中前不得定稿。,暂不入主表,原文摘录未能稳定命中页文本,来自参考PDF结构化抽取；需用 page 文本/PDF 复核后定稿。,
附表E｜来源/OCR待校验,来源待校验,BM-0188,06_宽口径未入高置信,薄绍之,行,言惟子敬没后，羊、薄嗣之。宋、齐之间，此体弥尚，谢灵运尤为秀杰。近者虞世南亦工此。,161,page_161.txt,partial,待校验,checkpoint-ocr; checkpoint-source,先核对 page 文本/PDF 页图；未命中前不得定稿。,暂不入主表,原文摘录未能稳定命中页文本,来自参考PDF结构化抽取；需用 page 文本/PDF 复核后定稿。,
附表E｜来源/OCR待校验,来源待校验,BM-0196,06_宽口径未入高置信,比较,行,言惟子敬没后，羊、薄嗣之。宋、齐之间，此体弥尚，谢灵运尤为秀杰。近者虞世南亦工此。,161,page_161.txt,partial,待校验,checkpoint-ocr; checkpoint-source,先核对 page 文本/PDF 页图；未命中前不得定稿。,暂不入主表,原文摘录未能稳定命中页文本,来自参考PDF结构化抽取；需用 page 文本/PDF 复核后定稿。,
附表E｜来源/OCR待校验,来源待校验,BM-0202,06_宽口径未入高置信,虞世南,行,言惟子敬没后，羊、薄嗣之。宋、齐之间，此体弥尚，谢灵运尤为秀杰。近者虞世南亦工此。,161,page_161.txt,partial,待校验,checkpoint-ocr; checkpoint-source,先核对 page 文本/PDF 页图；未命中前不得定稿。,暂不入主表,原文摘录未能稳定命中页文本,来自参考PDF结构化抽取；需用 page 文本/PDF 复核后定稿。,
附表E｜来源/OCR待校验,来源待校验,BM-0144,07_优先补入候选,比喻,,如小王书所贵合作者，若蘖行之间有与合者，则逸气盖世，千古独立。,162,page_162.txt,partial,待校验,checkpoint-ocr; checkpoint-source,先核对 page 文本/PDF 页图；未命中前不得定稿。,暂不入主表,原文摘录未能稳定命中页文本,来自参考PDF结构化抽取；需用 page 文本/PDF 复核后定稿。,
附表E｜来源/OCR待校验,来源待校验,BM-0009,07_优先补入候选,史籀,篆,赞曰：体象卓然，殊今异古，落落珠玉，飘飘缨组，苍颉之嗣，小篆之祖，以名称书。,171,page_171.txt,partial,待校验,checkpoint-ocr; checkpoint-source,先核对 page 文本/PDF 页图；未命中前不得定稿。,暂不入主表,原文摘录未能稳定命中页文本,来自参考PDF结构化抽取；需用 page 文本/PDF 复核后定稿。,
附表E｜来源/OCR待校验,来源待校验,BM-0028,07_优先补入候选,史游,草,王愔云：「汉元帝时史游作《急就章》，解散隶体，兼书之，汉俗简惰，渐以行之是也。此乃存字之梗概，损隶之规矩，纵任奔逸，赴连急就，因草创之意，谓之草书。」,174,page_174.txt,partial,待校验,checkpoint-ocr; checkpoint-source,先核对 page 文本/PDF 页图；未命中前不得定稿。,暂不入主表,原文摘录未能稳定命中页文本,来自参考PDF结构化抽取；需用 page 文本/PDF 复核后定稿。,
附表E｜来源/OCR待校验,来源待校验,BM-0034,07_优先补入候选,品级,,韦诞云：「杜氏杰有骨力，而字画微瘦。」,175,page_175.txt,miss,待校验,checkpoint-ocr; checkpoint-source,先核对 page 文本/PDF 页图；未命中前不得定稿。,暂不入主表,原文摘录未能稳定命中页文本,来自参考PDF结构化抽取；需用 page 文本/PDF 复核后定稿。,
附表E｜来源/OCR待校验,来源待校验,BM-0041,07_优先补入候选,水平评价,,崔瑗《草书势》云：「……观其法象，俯仰有仪，方不中矩，圆不副规，抑左扬右，望之若崎，鸾企鸟跱，志意飞移，狡兽暴骇，将奔未驰，状似连珠，绝而不离，畜怒从郁，放逸生奇。」,175,page_175.txt,miss,待校验,checkpoint-ocr; checkpoint-source,先核对 page 文本/PDF 页图；未命中前不得定稿。,暂不入主表,原文摘录未能稳定命中页文本,来自参考PDF结构化抽取；需用 page 文本/PDF 复核后定稿。,
附表E｜来源/OCR待校验,来源待校验,BM-0099,06_宽口径未入高置信,水平评价,行,昔锺元常善行狎书是也，尔后王羲之、献之并造其极焉。,175-176,page_175.txt,miss,待校验,checkpoint-ocr; checkpoint-source,先核对 page 文本/PDF 页图；未命中前不得定稿。,暂不入主表,原文摘录未能稳定命中页文本,来自参考PDF结构化抽取；需用 page 文本/PDF 复核后定稿。,
附表E｜来源/OCR待校验,来源待校验,BM-0125,06_宽口径未入高置信,比较,,昔锺元常善行狎书是也，尔后王羲之、献之并造其极焉。,175-176,page_175.txt,miss,待校验,checkpoint-ocr; checkpoint-source,先核对 page 文本/PDF 页图；未命中前不得定稿。,暂不入主表,原文摘录未能稳定命中页文本,来自参考PDF结构化抽取；需用 page 文本/PDF 复核后定稿。,
附表E｜来源/OCR待校验,来源待校验,BM-0146,06_宽口径未入高置信,比喻,,昔锺元常善行狎书是也，尔后王羲之、献之并造其极焉。,175-176,page_175.txt,miss,待校验,checkpoint-ocr; checkpoint-source,先核对 page 文本/PDF 页图；未命中前不得定稿。,暂不入主表,原文摘录未能稳定命中页文本,来自参考PDF结构化抽取；需用 page 文本/PDF 复核后定稿。,
附表E｜来源/OCR待校验,来源待校验,BM-0035,06_宽口径未入高置信,笔力,,自杜度妙于章草，崔瑗、崔寔父子继能，罗晖、赵袭亦法此艺。,178,page_178.txt,miss,待校验,checkpoint-ocr; checkpoint-source,先核对 page 文本/PDF 页图；未命中前不得定稿。,暂不入主表,原文摘录未能稳定命中页文本,来自参考PDF结构化抽取；需用 page 文本/PDF 复核后定稿。,
附表E｜来源/OCR待校验,来源待校验,BM-0045,06_宽口径未入高置信,崔寔,草,自杜度妙于章草，崔瑗、崔寔父子继能，罗晖、赵袭亦法此艺。,178,page_178.txt,miss,待校验,checkpoint-ocr; checkpoint-source,先核对 page 文本/PDF 页图；未命中前不得定稿。,暂不入主表,原文摘录未能稳定命中页文本,来自参考PDF结构化抽取；需用 page 文本/PDF 复核后定稿。,
附表E｜来源/OCR待校验,来源待校验,BM-0010,07_优先补入候选,史籀,篆,加之铦利钩杀，自然机发，信为篆文之权舆，非至精孰能与此。,187,page_187.txt,miss,待校验,checkpoint-ocr; checkpoint-source,先核对 page 文本/PDF 页图；未命中前不得定稿。,暂不入主表,原文摘录未能稳定命中页文本,来自参考PDF结构化抽取；需用 page 文本/PDF 复核后定稿。,
附表E｜来源/OCR待校验,来源待校验,BM-0038,06_宽口径未入高置信,崔瑗（子玉）,篆,其遗迹绝少，又妙小篆，今有《张平子碑》。……子玉章草入神，小篆入妙。,189,page_189.txt,miss,待校验,checkpoint-ocr; checkpoint-source,先核对 page 文本/PDF 页图；未命中前不得定稿。,暂不入主表,原文摘录未能稳定命中页文本,来自参考PDF结构化抽取；需用 page 文本/PDF 复核后定稿。,
附表E｜来源/OCR待校验,来源待校验,BM-0047,06_宽口径未入高置信,张芝（伯英）,隶,又善隶书。……伯英章草、行入神，隶书入妙。,189,page_189.txt,miss,待校验,checkpoint-ocr; checkpoint-source,先核对 page 文本/PDF 页图；未命中前不得定稿。,暂不入主表,原文摘录未能稳定命中页文本,来自参考PDF结构化抽取；需用 page 文本/PDF 复核后定稿。,
附表E｜来源/OCR待校验,来源待校验,BM-0048,06_宽口径未入高置信,水平评价,行,其行书则二王之亚也，又善隶书。……伯英章草、行入神，隶书入妙。,189,page_189.txt,miss,待校验,checkpoint-ocr; checkpoint-source,先核对 page 文本/PDF 页图；未命中前不得定稿。,暂不入主表,原文摘录未能稳定命中页文本,来自参考PDF结构化抽取；需用 page 文本/PDF 复核后定稿。,
附表E｜来源/OCR待校验,来源待校验,BM-0066,07_优先补入候选,姿态,,羊欣云：「张芝、皇象、锺繇、索靖，时并号『书圣』，然张劲骨丰肌，德冠诸贤之首。」,189,page_189.txt,partial,待校验,checkpoint-ocr; checkpoint-source,先核对 page 文本/PDF 页图；未命中前不得定稿。,暂不入主表,原文摘录未能稳定命中页文本,来自参考PDF结构化抽取；需用 page 文本/PDF 复核后定稿。,
附表E｜来源/OCR待校验,来源待校验,BM-0021,05_宽口径匹配高置信,蔡邕（蔡伯喈）,篆,工书，篆、隶绝世，尤得八分之精微。体法百变，穷灵尽妙，独步今古。,189-190,page_189.txt,miss,待校验,checkpoint-ocr; checkpoint-source,先核对 page 文本/PDF 页图；未命中前不得定稿。,暂不入主表,原文摘录未能稳定命中页文本,来自参考PDF结构化抽取；需用 page 文本/PDF 复核后定稿。,SD-0009:pass
附表E｜来源/OCR待校验,来源待校验,BM-0024,05_宽口径匹配高置信,比较,,工书，篆、隶绝世，尤得八分之精微。体法百变，穷灵尽妙，独步今古。,189-190,page_189.txt,miss,待校验,checkpoint-ocr; checkpoint-source,先核对 page 文本/PDF 页图；未命中前不得定稿。,暂不入主表,原文摘录未能稳定命中页文本,来自参考PDF结构化抽取；需用 page 文本/PDF 复核后定稿。,SD-0009:pass
附表E｜来源/OCR待校验,来源待校验,BM-0087,06_宽口径未入高置信,皇象（休明）,篆,休明章草入神，八分入妙，小篆入能。,190-191,page_190.txt,miss,待校验,checkpoint-ocr; checkpoint-source,先核对 page 文本/PDF 页图；未命中前不得定稿。,暂不入主表,原文摘录未能稳定命中页文本,来自参考PDF结构化抽取；需用 page 文本/PDF 复核后定稿。,
附表E｜来源/OCR待校验,来源待校验,BM-0089,06_宽口径未入高置信,皇象（休明）,隶,休明章草入神，八分入妙，小篆入能。,190-191,page_190.txt,miss,待校验,checkpoint-ocr; checkpoint-source,先核对 page 文本/PDF 页图；未命中前不得定稿。,暂不入主表,原文摘录未能稳定命中页文本,来自参考PDF结构化抽取；需用 page 文本/PDF 复核后定稿。,
附表E｜来源/OCR待校验,来源待校验,BM-0094,06_宽口径未入高置信,比较,,休明章草入神，八分入妙，小篆入能。,190-191,page_190.txt,miss,待校验,checkpoint-ocr; checkpoint-source,先核对 page 文本/PDF 页图；未命中前不得定稿。,暂不入主表,原文摘录未能稳定命中页文本,来自参考PDF结构化抽取；需用 page 文本/PDF 复核后定稿。,
附表E｜来源/OCR待校验,来源待校验,BM-0070,06_宽口径未入高置信,索靖（幼安）,隶,又善八分，伟、锺之亚，《毋丘兴碑》是其遗迹也。……章草入神，八分、草入妙。,191,page_191.txt,miss,待校验,checkpoint-ocr; checkpoint-source,先核对 page 文本/PDF 页图；未命中前不得定稿。,暂不入主表,原文摘录未能稳定命中页文本,来自参考PDF结构化抽取；需用 page 文本/PDF 复核后定稿。,
附表E｜来源/OCR待校验,来源待校验,BM-0073,05_宽口径匹配高置信,品级,草,索靖字幼安，燉煌龙勒人，张伯英之离孙。……幼安善章草，书出于韦诞，峻险过之，有若山形中裂，水势悬流，雪岭孤松，冰河危石，其坚劲则古今不逮。,191,page_191.txt,partial,待校验,checkpoint-ocr; checkpoint-source,先核对 page 文本/PDF 页图；未命中前不得定稿。,暂不入主表,原文摘录未能稳定命中页文本,来自参考PDF结构化抽取；需用 page 文本/PDF 复核后定稿。,SD-0013:pass
附表E｜来源/OCR待校验,来源待校验,BM-0075,06_宽口径未入高置信,比较,,王隐云：「靖草绝世，学者如云，是知趣皆自然，劝不用赏。」,191,page_191.txt,miss,待校验,checkpoint-ocr; checkpoint-source,先核对 page 文本/PDF 页图；未命中前不得定稿。,暂不入主表,原文摘录未能稳定命中页文本,来自参考PDF结构化抽取；需用 page 文本/PDF 复核后定稿。,
附表E｜来源/OCR待校验,来源待校验,BM-0078,06_宽口径未入高置信,卫瓘（伯玉）,篆,伯玉采张芝法，取父书参之，遂至神妙。……章草入神，小篆、隶、行、草入妙。,191,page_191.txt,miss,待校验,checkpoint-ocr; checkpoint-source,先核对 page 文本/PDF 页图；未命中前不得定稿。,暂不入主表,原文摘录未能稳定命中页文本,来自参考PDF结构化抽取；需用 page 文本/PDF 复核后定稿。,
附表E｜来源/OCR待校验,来源待校验,BM-0079,06_宽口径未入高置信,水平评价,隶,伯玉采张芝法，取父书参之，遂至神妙。……章草入神，小篆、隶、行、草入妙。,191,page_191.txt,miss,待校验,checkpoint-ocr; checkpoint-source,先核对 page 文本/PDF 页图；未命中前不得定稿。,暂不入主表,原文摘录未能稳定命中页文本,来自参考PDF结构化抽取；需用 page 文本/PDF 复核后定稿。,
附表E｜来源/OCR待校验,来源待校验,BM-0080,05_宽口径匹配高置信,水平评价,行,伯玉采张芝法，取父书参之，遂至神妙。天姿特秀，若鸿雁奋六翮，飘颻乎清风之上，率情运用，不以为难。,191,page_191.txt,partial,待校验,checkpoint-ocr; checkpoint-source,先核对 page 文本/PDF 页图；未命中前不得定稿。,暂不入主表,原文摘录未能稳定命中页文本,来自参考PDF结构化抽取；需用 page 文本/PDF 复核后定稿。,SD-0012:pass
附表E｜来源/OCR待校验,来源待校验,BM-0115,07_优先补入候选,比较,,尤善书，草、隶、八分、飞白、章、行，备精诸体，自成一家法，千变万化，得之神功，自非造化发灵，岂能登峰造极。,191-192,page_191.txt,miss,待校验,checkpoint-ocr; checkpoint-source,先核对 page 文本/PDF 页图；未命中前不得定稿。,暂不入主表,原文摘录未能稳定命中页文本,来自参考PDF结构化抽取；需用 page 文本/PDF 复核后定稿。,
附表E｜来源/OCR待校验,来源待校验,BM-0133,07_优先补入候选,水平评价,,尤善书，草、隶、八分、飞白、章、行，备精诸体，自成一家法，千变万化，得之神功，自非造化发灵，岂能登峰造极。,191-192,page_191.txt,miss,待校验,checkpoint-ocr; checkpoint-source,先核对 page 文本/PDF 页图；未命中前不得定稿。,暂不入主表,原文摘录未能稳定命中页文本,来自参考PDF结构化抽取；需用 page 文本/PDF 复核后定稿。,
附表E｜来源/OCR待校验,来源待校验,BM-0134,05_宽口径匹配高置信,水平评价,,然剖析张公之草，而浓纤折衷，乃愧其精熟。,192,page_192.txt,miss,待校验,checkpoint-ocr; checkpoint-source,先核对 page 文本/PDF 页图；未命中前不得定稿。,暂不入主表,原文摘录未能稳定命中页文本,来自参考PDF结构化抽取；需用 page 文本/PDF 复核后定稿。,SD-0014:review
附表E｜来源/OCR待校验,来源待校验,BM-0137,07_优先补入候选,水平评价,,献之字子敬……尤善草隶，幼学于父，次习于张，后改变制度，别创其法，率尔私心，冥合天矩，观其逸志，莫之与京。,192,page_192.txt,partial,待校验,checkpoint-ocr; checkpoint-source,先核对 page 文本/PDF 页图；未命中前不得定稿。,暂不入主表,原文摘录未能稳定命中页文本,来自参考PDF结构化抽取；需用 page 文本/PDF 复核后定稿。,
附表E｜来源/OCR待校验,来源待校验,BM-0149,05_宽口径匹配高置信,比喻,,尔其雄武神纵，灵姿秀出，臧武仲之智，卞庄子之勇，或大鹏抟风，长鲸喷浪，悬崖坠石，惊电遗光，察其所由，则意逸乎笔，未見其止，盖欲夺龙蛇之飞动，掩锺、张之神气。,192,page_192.txt,partial,待校验,checkpoint-ocr; checkpoint-source,先核对 page 文本/PDF 页图；未命中前不得定稿。,暂不入主表,原文摘录未能稳定命中页文本,来自参考PDF结构化抽取；需用 page 文本/PDF 复核后定稿。,SD-0019:pass
附表E｜来源/OCR待校验,来源待校验,BM-0156,07_优先补入候选,水平评价,,献之字子敬……尤善草隶，幼学于父，次习于张，后改变制度，别创其法，率尔私心，冥合天矩，观其逸志，莫之与京。,192,page_192.txt,partial,待校验,checkpoint-ocr; checkpoint-source,先核对 page 文本/PDF 页图；未命中前不得定稿。,暂不入主表,原文摘录未能稳定命中页文本,来自参考PDF结构化抽取；需用 page 文本/PDF 复核后定稿。,
附表E｜来源/OCR待校验,来源待校验,BM-0258,07_优先补入候选,水平评价,,善悬针垂露之法，后世行之。仲则小篆、隶书入妙。,194,page_194.txt,miss,待校验,checkpoint-ocr; checkpoint-source,先核对 page 文本/PDF 页图；未命中前不得定稿。,暂不入主表,原文摘录未能稳定命中页文本,来自参考PDF结构化抽取；需用 page 文本/PDF 复核后定稿。,
附表E｜来源/OCR待校验,来源待校验,BM-0260,06_宽口径未入高置信,品级,隶,仲则小篆、隶书入妙。,194,page_194.txt,miss,待校验,checkpoint-ocr; checkpoint-source,先核对 page 文本/PDF 页图；未命中前不得定稿。,暂不入主表,原文摘录未能稳定命中页文本,来自参考PDF结构化抽取；需用 page 文本/PDF 复核后定稿。,
附表E｜来源/OCR待校验,来源待校验,BM-0253,06_宽口径未入高置信,笔法,,子淑古文、小篆、八分，隶并入妙。,195,page_195.txt,miss,待校验,checkpoint-ocr; checkpoint-source,先核对 page 文本/PDF 页图；未命中前不得定稿。,暂不入主表,原文摘录未能稳定命中页文本,来自参考PDF结构化抽取；需用 page 文本/PDF 复核后定稿。,
附表E｜来源/OCR待校验,来源待校验,BM-0281,06_宽口径未入高置信,王廙（世将）,隶,工于草、隶、飞白，祖述张、卫遗法，自过江，右军之前，世将书独为最。,198,page_198.txt,partial,待校验,checkpoint-ocr; checkpoint-source,先核对 page 文本/PDF 页图；未命中前不得定稿。,暂不入主表,原文摘录未能稳定命中页文本,来自参考PDF结构化抽取；需用 page 文本/PDF 复核后定稿。,
附表E｜来源/OCR待校验,来源待校验,BM-0284,06_宽口径未入高置信,比较,草,工于草、隶、飞白，祖述张、卫遗法，自过江，右军之前，世将书独为最。,198,page_198.txt,partial,待校验,checkpoint-ocr; checkpoint-source,先核对 page 文本/PDF 页图；未命中前不得定稿。,暂不入主表,原文摘录未能稳定命中页文本,来自参考PDF结构化抽取；需用 page 文本/PDF 复核后定稿。,
附表E｜来源/OCR待校验,来源待校验,BM-0160,05_宽口径匹配高置信,王洽,草,书兼诸法，于草尤工，落简挥毫，有郢匠乘风之势，虽卓然孤秀，未至运用无方，而右军云：「弟书遂不减吾。」饰之过也。,198-199,page_198.txt,partial,待校验,checkpoint-ocr; checkpoint-source,先核对 page 文本/PDF 页图；未命中前不得定稿。,暂不入主表,原文摘录未能稳定命中页文本,来自参考PDF结构化抽取；需用 page 文本/PDF 复核后定稿。,SD-0031:review
附表E｜来源/OCR待校验,来源待校验,BM-0161,06_宽口径未入高置信,王洽,草,敬和隶、行、草入妙。,199,page_199.txt,miss,待校验,checkpoint-ocr; checkpoint-source,先核对 page 文本/PDF 页图；未命中前不得定稿。,暂不入主表,原文摘录未能稳定命中页文本,来自参考PDF结构化抽取；需用 page 文本/PDF 复核后定稿。,
附表E｜来源/OCR待校验,来源待校验,BM-0162,06_宽口径未入高置信,王洽,隶,敬和隶、行、草入妙。,199,page_199.txt,miss,待校验,checkpoint-ocr; checkpoint-source,先核对 page 文本/PDF 页图；未命中前不得定稿。,暂不入主表,原文摘录未能稳定命中页文本,来自参考PDF结构化抽取；需用 page 文本/PDF 复核后定稿。,
附表E｜来源/OCR待校验,来源待校验,BM-0163,06_宽口径未入高置信,王洽,行,敬和隶、行、草入妙。,199,page_199.txt,miss,待校验,checkpoint-ocr; checkpoint-source,先核对 page 文本/PDF 页图；未命中前不得定稿。,暂不入主表,原文摘录未能稳定命中页文本,来自参考PDF结构化抽取；需用 page 文本/PDF 复核后定稿。,
附表E｜来源/OCR待校验,来源待校验,BM-0174,07_优先补入候选,水平评价,,虞龢云：「僧虔寻得书术，虽不及古，不减郗家所制，然述小王尤尚古，宜有丰厚淳朴，稍乏妍华，若溪涧含冰，冈峦被雪，虽甚清肃，而寡于风味。」,201,page_201.txt,partial,待校验,checkpoint-ocr; checkpoint-source,先核对 page 文本/PDF 页图；未命中前不得定稿。,暂不入主表,原文摘录未能稳定命中页文本,来自参考PDF结构化抽取；需用 page 文本/PDF 复核后定稿。,
附表E｜来源/OCR待校验,来源待校验,BM-0176,07_优先补入候选,水平评价,草,虞龢云：「僧虔寻得书术，虽不及古，不减郗家所制，然述小王尤尚古，宜有丰厚淳朴，稍乏妍华，若溪涧含冰，冈峦被雪，虽甚清肃，而寡于风味。」,201,page_201.txt,partial,待校验,checkpoint-ocr; checkpoint-source,先核对 page 文本/PDF 页图；未命中前不得定稿。,暂不入主表,原文摘录未能稳定命中页文本,来自参考PDF结构化抽取；需用 page 文本/PDF 复核后定稿。,
附表E｜来源/OCR待校验,来源待校验,BM-0242,07_优先补入候选,比较,行,比之于勇，则被坚执锐，所向无前；喻之于谈，则缓颊朵颐，离坚合异。有李信、王离之攻伐，无子贡、鲁连之变通。,202,page_202.txt,partial,待校验,checkpoint-ocr; checkpoint-source,先核对 page 文本/PDF 页图；未命中前不得定稿。,暂不入主表,原文摘录未能稳定命中页文本,来自参考PDF结构化抽取；需用 page 文本/PDF 复核后定稿。,
附表E｜来源/OCR待校验,来源待校验,BM-0311,06_宽口径未入高置信,张融,草,或有鉴不至深，见其有古风，多误宝之，以为张伯英书也。,202,page_202.txt,miss,待校验,checkpoint-ocr; checkpoint-source,先核对 page 文本/PDF 页图；未命中前不得定稿。,暂不入主表,原文摘录未能稳定命中页文本,来自参考PDF结构化抽取；需用 page 文本/PDF 复核后定稿。,
附表E｜来源/OCR待校验,来源待校验,BM-0206,07_优先补入候选,虞世南,草,然欧之与虞，可谓智均力敌，亦犹韩卢之追东郭䳒也。论其成体，则虞所不逮。欧若猛将深入，时或不利；虞若行人体则，而风骨不继。,204,page_204.txt,partial,待校验,checkpoint-ocr; checkpoint-source,先核对 page 文本/PDF 页图；未命中前不得定稿。,暂不入主表,原文摘录未能稳定命中页文本,来自参考PDF结构化抽取；需用 page 文本/PDF 复核后定稿。,
附表E｜来源/OCR待校验,来源待校验,BM-0217,05_宽口径匹配高置信,褚遂良,楷,真书甚得其媚趣，若瑶台青璅，窅映春林，美人婵娟，似不任乎罗绮，增华绰约，欧、虞谢之。,204,page_204.txt,partial,待校验,checkpoint-ocr; checkpoint-source,先核对 page 文本/PDF 页图；未命中前不得定稿。,暂不入主表,原文摘录未能稳定命中页文本,来自参考PDF结构化抽取；需用 page 文本/PDF 复核后定稿。,SD-0047:pass
附表E｜来源/OCR待校验,来源待校验,BM-0226,07_优先补入候选,陆柬之,隶,晚习二王，尤尚其古，中年之迹，犹有怯懦，总章已后，乃备筋骨，殊矜质朴，耻夫绮靡。,204-205,page_204.txt,partial,待校验,checkpoint-ocr; checkpoint-source,先核对 page 文本/PDF 页图；未命中前不得定稿。,暂不入主表,原文摘录未能稳定命中页文本,来自参考PDF结构化抽取；需用 page 文本/PDF 复核后定稿。,
附表E｜来源/OCR待校验,来源待校验,BM-0247,07_优先补入候选,陆柬之,,晚习二王，尤尚其古，中年之迹，犹有怯懦，总章已后，乃备筋骨，殊矜质朴，耻夫绮靡。尤善运笔，或至兴会，则穷理极趣矣。,204-205,page_204.txt,partial,待校验,checkpoint-ocr; checkpoint-source,先核对 page 文本/PDF 页图；未命中前不得定稿。,暂不入主表,原文摘录未能稳定命中页文本,来自参考PDF结构化抽取；需用 page 文本/PDF 复核后定稿。,
附表E｜来源/OCR待校验,来源待校验,BM-0046,07_优先补入候选,比较,,崔寔字子真，瑗之子也。博學有俊才，為五原太守。章草雅有父風，良冶箕弓，斯焉不墜。,207,page_207.txt,partial,待校验,checkpoint-ocr; checkpoint-source,先核对 page 文本/PDF 页图；未命中前不得定稿。,暂不入主表,原文摘录未能稳定命中页文本,来自参考PDF结构化抽取；需用 page 文本/PDF 复核后定稿。,
附表E｜来源/OCR待校验,来源待校验,BM-0326,06_宽口径未入高置信,罗晖,草,羅暉字叔景，京兆杜陵人。官至羽林監。桓帝永壽年卒。善草，著聞三輔。,207,page_207.txt,partial,待校验,checkpoint-ocr; checkpoint-source,先核对 page 文本/PDF 页图；未命中前不得定稿。,暂不入主表,原文摘录未能稳定命中页文本,来自参考PDF结构化抽取；需用 page 文本/PDF 复核后定稿。,
